category,count,denominator,percent,note
Rotation/activity level,503,759,66.27140974967062,Multiple selections allowed; percentages may exceed 100%.
Powershifting/Furor,334,759,44.00527009222662,Multiple selections allowed; percentages may exceed 100%.
Energy economy,258,759,33.99209486166008,Multiple selections allowed; percentages may exceed 100%.
Shapeshifting or weaving identity,209,759,27.536231884057973,Multiple selections allowed; percentages may exceed 100%.
AoE,202,759,26.613965744400527,Multiple selections allowed; percentages may exceed 100%.
Talent design,111,759,14.624505928853756,Multiple selections allowed; percentages may exceed 100%.
Raid utility/desirability,106,759,13.96574440052701,Multiple selections allowed; percentages may exceed 100%.
Bleed gameplay,103,759,13.570487483530961,Multiple selections allowed; percentages may exceed 100%.
Itemization/scaling,70,759,9.22266139657444,Multiple selections allowed; percentages may exceed 100%.
Single-target damage/tuning,69,759,9.090909090909092,Multiple selections allowed; percentages may exceed 100%.
Combo-point generation/spending,56,759,7.378129117259552,Multiple selections allowed; percentages may exceed 100%.
PvP,41,759,5.4018445322793145,Multiple selections allowed; percentages may exceed 100%.
Tiger's Fury,26,759,3.4255599472990776,Multiple selections allowed; percentages may exceed 100%.
Not enough information,26,759,3.4255599472990776,Multiple selections allowed; percentages may exceed 100%.
Clearcasting/Omen,23,759,3.0303030303030303,Multiple selections allowed; percentages may exceed 100%.
Nothing currently stands out,12,759,1.5810276679841897,Multiple selections allowed; percentages may exceed 100%.
