quality,category,count,denominator,percent
Frequent actions with little empty time,Essential,235,759,30.961791831357047
Frequent actions with little empty time,Very important,227,759,29.907773386034254
Frequent actions with little empty time,Moderately important,170,759,22.397891963109355
Frequent actions with little empty time,Slightly important,73,759,9.617918313570488
Frequent actions with little empty time,Not important,54,759,7.1146245059288535
Frequent actions with little empty time,Essential + Very important,462,759,60.869565217391305
Meaningful energy and resource decisions,Essential,248,759,32.674571805006586
Meaningful energy and resource decisions,Very important,287,759,37.8129117259552
Meaningful energy and resource decisions,Moderately important,162,759,21.343873517786562
Meaningful energy and resource decisions,Slightly important,48,759,6.324110671936759
Meaningful energy and resource decisions,Not important,14,759,1.844532279314888
Meaningful energy and resource decisions,Essential + Very important,535,759,70.4874835309618
A high mastery ceiling,Essential,254,759,33.46508563899868
A high mastery ceiling,Very important,226,759,29.776021080368906
A high mastery ceiling,Moderately important,173,759,22.793148880105402
A high mastery ceiling,Slightly important,63,759,8.300395256916996
A high mastery ceiling,Not important,43,759,5.665349143610013
A high mastery ceiling,Essential + Very important,480,759,63.241106719367586
Shifting between forms during combat,Essential,79,759,10.408432147562582
Shifting between forms during combat,Very important,124,759,16.337285902503293
Shifting between forms during combat,Moderately important,183,759,24.110671936758894
Shifting between forms during combat,Slightly important,143,759,18.840579710144926
Shifting between forms during combat,Not important,230,759,30.303030303030305
Shifting between forms during combat,Essential + Very important,203,759,26.745718050065875
Maintaining and timing bleeds,Essential,165,759,21.73913043478261
Maintaining and timing bleeds,Very important,189,759,24.90118577075099
Maintaining and timing bleeds,Moderately important,213,759,28.063241106719367
Maintaining and timing bleeds,Slightly important,116,759,15.2832674571805
Maintaining and timing bleeds,Not important,76,759,10.013175230566535
Maintaining and timing bleeds,Essential + Very important,354,759,46.640316205533594
Strong burst windows,Essential,133,759,17.523056653491437
Strong burst windows,Very important,180,759,23.715415019762847
Strong burst windows,Moderately important,213,759,28.063241106719367
Strong burst windows,Slightly important,120,759,15.810276679841897
Strong burst windows,Not important,113,759,14.888010540184453
Strong burst windows,Essential + Very important,313,759,41.23847167325428
Competitive single-target damage,Essential,315,759,41.50197628458498
Competitive single-target damage,Very important,232,759,30.566534914361
Competitive single-target damage,Moderately important,148,759,19.499341238471672
Competitive single-target damage,Slightly important,44,759,5.797101449275362
Competitive single-target damage,Not important,20,759,2.635046113306983
Competitive single-target damage,Essential + Very important,547,759,72.06851119894598
Useful multi-target/AoE tools,Essential,66,759,8.695652173913043
Useful multi-target/AoE tools,Very important,134,759,17.654808959156785
Useful multi-target/AoE tools,Moderately important,219,759,28.85375494071146
Useful multi-target/AoE tools,Slightly important,183,759,24.110671936758894
Useful multi-target/AoE tools,Not important,157,759,20.685111989459816
Useful multi-target/AoE tools,Essential + Very important,200,759,26.350461133069828
Raid utility or a clear reason to bring Feral,Essential,294,759,38.73517786561265
Raid utility or a clear reason to bring Feral,Very important,202,759,26.613965744400527
Raid utility or a clear reason to bring Feral,Moderately important,156,759,20.553359683794465
Raid utility or a clear reason to bring Feral,Slightly important,72,759,9.486166007905139
Raid utility or a clear reason to bring Feral,Not important,35,759,4.61133069828722
Raid utility or a clear reason to bring Feral,Essential + Very important,496,759,65.34914361001317
Accessibility for players who prefer a simpler rotation,Essential,30,759,3.952569169960474
Accessibility for players who prefer a simpler rotation,Very important,50,759,6.587615283267457
Accessibility for players who prefer a simpler rotation,Moderately important,143,759,18.840579710144926
Accessibility for players who prefer a simpler rotation,Slightly important,202,759,26.613965744400527
Accessibility for players who prefer a simpler rotation,Not important,334,759,44.00527009222662
Accessibility for players who prefer a simpler rotation,Essential + Very important,80,759,10.540184453227932
