group,outcome,count,denominator,percent,ci_low,ci_high,minimum_group_size
Cat DPS interest,Negative direction,259,386,67.09844559585493,62.2628098788904,71.59710856059834,30
Cat DPS interest,Would play,148,386,38.3419689119171,33.628936844735065,43.28475512834079,30
Cat DPS interest,Less excited,263,386,68.13471502590673,63.327188997825154,72.58484571072349,30
Bear tank interest,Negative direction,24,97,24.742268041237114,17.227488052867876,34.18138626029845,30
Bear tank interest,Would play,62,97,63.91752577319588,53.99919512124222,72.77550678782939,30
Bear tank interest,Less excited,25,97,25.77319587628866,18.109591607542406,35.28259395814774,30
Hybrid/off-tank interest,Negative direction,138,225,61.333333333333336,54.830682691700886,67.4554888188384,30
Hybrid/off-tank interest,Would play,111,225,49.333333333333336,42.86694441306753,55.822104321606616,30
Hybrid/off-tank interest,Less excited,147,225,65.33333333333333,58.90456009326126,71.24731900923307,30
High-end/competitive,Negative direction,275,418,65.78947368421052,61.11618617691784,70.1751905334276,30
High-end/competitive,Would play,185,418,44.25837320574163,39.57055962923352,49.05075793064087,30
High-end/competitive,Less excited,283,418,67.70334928229666,63.07693944456335,72.00733141249061,30
Regular raiding,Negative direction,148,281,52.669039145907476,46.834683116363195,58.43140422292487,30
Regular raiding,Would play,128,281,45.55160142348755,39.82778099912082,51.395406768732386,30
Regular raiding,Less excited,155,281,55.16014234875445,49.31460918600629,60.866493003283985,30
Casual/newer/other,Negative direction,25,63,39.682539682539684,28.531911519046727,52.01908148834221,30
Casual/newer/other,Would play,27,63,42.857142857142854,31.39691799436462,55.13838485690463,30
Casual/newer/other,Less excited,27,63,42.857142857142854,31.39691799436462,55.13838485690463,30
Played test build,Negative direction,218,406,53.69458128078818,48.832338726005844,58.487564947557125,30
Played test build,Would play,198,406,48.76847290640394,43.94074875560075,53.619283353211586,30
Played test build,Less excited,227,406,55.91133004926108,51.048831232246236,60.66301464545452,30
Reviewed/discussed only,Negative direction,218,328,66.46341463414635,61.189610277547004,71.35605185394586,30
Reviewed/discussed only,Would play,132,328,40.24390243902439,35.0793997348078,45.634281965048295,30
Reviewed/discussed only,Less excited,222,328,67.6829268292683,62.442090562374105,72.51436135663674,30
Classic-style powershifting,Negative direction,94,111,84.68468468468468,76.83643307514065,90.21252362630882,30
Classic-style powershifting,Would play,33,111,29.72972972972973,22.020824463768367,38.79472032109882,30
Classic-style powershifting,Less excited,97,111,87.38738738738739,79.93740636378703,92.3361443663468,30
Functional replacement,Negative direction,302,448,67.41071428571429,62.93843484762446,71.58694943365863,30
Functional replacement,Would play,180,448,40.17857142857143,35.74086020133215,44.78328199896971,30
Functional replacement,Less excited,331,448,73.88392857142857,69.62551583055784,77.73622927325356,30
Non-powershifting preference,Negative direction,46,172,26.74418604651163,20.69034813951016,33.8141239363407,30
Non-powershifting preference,Would play,104,172,60.46511627906977,53.00634293273361,67.4666446331335,30
Non-powershifting preference,Less excited,32,172,18.6046511627907,13.498046015618717,25.082991286779954,30
