question,document_id,primary_topic,secondary_topic,weight_1,weight_2,weight_3,weight_4,weight_5,weight_6
Q15,D0001,Powershifting/removal (mixed polarity),Cat/Bear hybrid and talents,0.0,0.0,0.0,0.0,0.0,0.0
Q15,D0002,Powershifting/removal (mixed polarity),Cat/Bear hybrid and talents,0.0,0.0,0.0,0.0,0.0,0.0
Q15,D0003,Powershifting/removal (mixed polarity),Cat/Bear hybrid and talents,0.0,0.0,0.0,0.0,0.0,0.0
Q15,D0004,Powershifting/removal (mixed polarity),Cat/Bear hybrid and talents,0.0,0.0,0.0,0.0,0.0,0.0
Q15,D0005,Strong bleed emphasis,Bleed identity and gameplay,0.0,0.16893270204260272,0.020666368404569212,0.0,0.0,0.0
Q15,D0006,"Tiger's Fury, Berserk, and energy tools",Cat/Bear hybrid and talents,0.0,0.0,0.0,0.14736063440404895,0.00813373215055817,0.0
Q15,D0007,Bleed identity and gameplay,"Weapon scaling, forms, and toolkit",0.0,0.0,0.17685811874830562,0.0,0.0,0.0
Q15,D0008,Cat/Bear hybrid and talents,"Weapon scaling, forms, and toolkit",0.0,0.0,0.0,0.0,0.01865036626711875,0.0
Q15,D0009,Powershifting/removal (mixed polarity),"Tiger's Fury, Berserk, and energy tools",0.08504385511749864,0.0,0.0,0.01058070007430313,0.0,0.0
Q15,D0010,Powershifting/removal (mixed polarity),Cat/Bear hybrid and talents,0.0,0.0,0.0,0.0,0.0,0.0
Q15,D0011,Powershifting/removal (mixed polarity),"Weapon scaling, forms, and toolkit",0.3692982368394259,0.0,0.0,0.0,0.0,0.0
Q15,D0012,"Weapon scaling, forms, and toolkit",Cat/Bear hybrid and talents,0.0,0.0,0.0,0.0,0.0,0.10134511704041534
Q15,D0013,"Tiger's Fury, Berserk, and energy tools","Weapon scaling, forms, and toolkit",0.0,0.0,0.0,0.006712225773586563,0.0,0.0
Q15,D0014,Cat/Bear hybrid and talents,"Weapon scaling, forms, and toolkit",0.0,0.0,0.0,0.0,0.07243394296700348,0.0
Q15,D0015,Cat/Bear hybrid and talents,"Weapon scaling, forms, and toolkit",0.0,0.0,0.0,0.0,0.0050035972647325885,0.0
Q15,D0016,Powershifting/removal (mixed polarity),Cat/Bear hybrid and talents,0.0,0.0,0.0,0.0,0.0,0.0
Q15,D0017,Strong bleed emphasis,"Weapon scaling, forms, and toolkit",0.0,0.3927249013857382,0.0,0.0,0.0,0.0
Q15,D0018,"Tiger's Fury, Berserk, and energy tools","Weapon scaling, forms, and toolkit",0.0,0.0,0.0,0.1732660426187072,0.0,0.0
Q15,D0019,Cat/Bear hybrid and talents,"Weapon scaling, forms, and toolkit",0.0,0.0,0.0,0.0,0.3223785532732771,0.0
Q15,D0020,Bleed identity and gameplay,Strong bleed emphasis,0.0,0.043218030085702006,0.04431118155339902,0.0,0.0,0.0
Q15,D0021,Cat/Bear hybrid and talents,"Weapon scaling, forms, and toolkit",0.0,0.0,0.0,0.0,0.004678122676278345,0.0
Q15,D0022,Powershifting/removal (mixed polarity),Cat/Bear hybrid and talents,0.0,0.0,0.0,0.0,0.0,0.0
Q15,D0023,Bleed identity and gameplay,"Weapon scaling, forms, and toolkit",0.0,0.0,0.16088341864101854,0.0,0.0,0.0
Q15,D0024,"Weapon scaling, forms, and toolkit",Cat/Bear hybrid and talents,0.0,0.0,0.0,0.0,0.0,0.46120577708980554
Q15,D0025,Strong bleed emphasis,Bleed identity and gameplay,0.0,0.06979927358547068,0.003488601220284,0.0,0.0,0.0
Q15,D0026,Powershifting/removal (mixed polarity),"Weapon scaling, forms, and toolkit",0.0001591897933238977,0.0,0.0,0.0,0.0,0.0
Q15,D0027,Powershifting/removal (mixed polarity),Cat/Bear hybrid and talents,0.0,0.0,0.0,0.0,0.0,0.0
Q15,D0028,Powershifting/removal (mixed polarity),Cat/Bear hybrid and talents,0.0,0.0,0.0,0.0,0.0,0.0
Q15,D0029,Powershifting/removal (mixed polarity),Cat/Bear hybrid and talents,0.0,0.0,0.0,0.0,0.0,0.0
Q15,D0030,Strong bleed emphasis,Cat/Bear hybrid and talents,0.0,0.08258103203151197,0.0,0.0,0.07555098665119661,0.0
Q15,D0031,Cat/Bear hybrid and talents,"Weapon scaling, forms, and toolkit",0.0,0.0,0.0,0.0,0.02233614705481591,0.0
Q15,D0032,Powershifting/removal (mixed polarity),"Tiger's Fury, Berserk, and energy tools",0.09556048188374619,0.0,0.0,0.012718157650406861,0.002682241145218337,0.0
Q15,D0033,Cat/Bear hybrid and talents,"Weapon scaling, forms, and toolkit",0.0,0.0,0.0,0.0,0.27946742514563194,0.0
Q15,D0034,Powershifting/removal (mixed polarity),"Weapon scaling, forms, and toolkit",0.06967169251760554,0.0,0.0,0.0,0.0,0.0
Q15,D0035,Powershifting/removal (mixed polarity),Cat/Bear hybrid and talents,0.0,0.0,0.0,0.0,0.0,0.0
Q15,D0036,"Weapon scaling, forms, and toolkit",Strong bleed emphasis,0.0,0.08738383441386426,0.0015517865190586098,0.0,0.0,0.10662308783655555
Q15,D0037,Cat/Bear hybrid and talents,Strong bleed emphasis,0.0,0.000321604351227502,0.0,0.0,0.017892768771085865,0.0
Q15,D0038,Bleed identity and gameplay,Strong bleed emphasis,0.0,0.022884009202240593,0.23236559371063095,0.0,0.0,0.0
Q15,D0039,Cat/Bear hybrid and talents,Bleed identity and gameplay,0.0,0.0,0.016953256444383256,0.0,0.03527322126980202,0.0
Q15,D0040,Powershifting/removal (mixed polarity),"Weapon scaling, forms, and toolkit",0.3692982368394259,0.0,0.0,0.0,0.0,0.0
Q15,D0041,Cat/Bear hybrid and talents,"Weapon scaling, forms, and toolkit",0.0,0.0,0.0,0.0,0.031137435066279872,0.0
Q15,D0042,Bleed identity and gameplay,Strong bleed emphasis,0.0,0.010616508309982927,0.11673198531776363,0.0,0.0,0.0
Q15,D0043,Strong bleed emphasis,Cat/Bear hybrid and talents,0.0,0.16787855211664798,0.0,0.0,0.004426488655433902,0.0
Q15,D0044,"Weapon scaling, forms, and toolkit",Bleed identity and gameplay,0.0,0.0,0.15339119641167548,0.0,0.0,0.24333306904153995
Q15,D0045,Powershifting/removal (mixed polarity),Cat/Bear hybrid and talents,0.0,0.0,0.0,0.0,0.0,0.0
Q15,D0046,"Weapon scaling, forms, and toolkit",Cat/Bear hybrid and talents,0.0,0.0,0.0,0.0,0.0,0.46120577708980554
Q15,D0047,Powershifting/removal (mixed polarity),"Weapon scaling, forms, and toolkit",0.3692982368394259,0.0,0.0,0.0,0.0,0.0
Q15,D0048,Powershifting/removal (mixed polarity),Cat/Bear hybrid and talents,0.0,0.0,0.0,0.0,0.0,0.0
Q15,D0049,Powershifting/removal (mixed polarity),"Weapon scaling, forms, and toolkit",0.1642837590885735,0.0,0.0,0.0,0.0,0.0
Q15,D0050,Cat/Bear hybrid and talents,"Weapon scaling, forms, and toolkit",0.0,0.0,0.0,0.0,0.004904280388405362,0.0
Q15,D0051,Powershifting/removal (mixed polarity),Cat/Bear hybrid and talents,0.0,0.0,0.0,0.0,0.0,0.0
Q15,D0052,Powershifting/removal (mixed polarity),Cat/Bear hybrid and talents,0.0,0.0,0.0,0.0,0.0,0.0
Q15,D0053,Powershifting/removal (mixed polarity),Cat/Bear hybrid and talents,0.0,0.0,0.0,0.0,0.0,0.0
Q15,D0054,Strong bleed emphasis,Powershifting/removal (mixed polarity),0.0006346752596444141,0.22615500649395245,0.0,0.0,0.0,0.0
Q15,D0055,Cat/Bear hybrid and talents,Strong bleed emphasis,0.0,0.0010395634282674628,0.0,0.0,0.012025807886865763,0.0
Q15,D0056,Powershifting/removal (mixed polarity),Cat/Bear hybrid and talents,0.0,0.0,0.0,0.0,0.0,0.0
Q15,D0057,Powershifting/removal (mixed polarity),Cat/Bear hybrid and talents,0.0,0.0,0.0,0.0,0.0,0.0
Q15,D0058,Strong bleed emphasis,Bleed identity and gameplay,0.0,0.1805130045385333,0.011932580950343899,0.0,0.0,0.0
Q15,D0059,Strong bleed emphasis,"Weapon scaling, forms, and toolkit",0.0,0.08859857084034449,0.0,0.0,0.0,0.0
Q15,D0060,Powershifting/removal (mixed polarity),Cat/Bear hybrid and talents,0.0,0.0,0.0,0.0,0.0,0.0
Q15,D0061,Powershifting/removal (mixed polarity),Cat/Bear hybrid and talents,0.0,0.0,0.0,0.0,0.0,0.0
Q15,D0062,Cat/Bear hybrid and talents,"Tiger's Fury, Berserk, and energy tools",0.0,0.0,0.0,0.002401574248047993,0.10738886040612532,0.0
Q15,D0063,Cat/Bear hybrid and talents,"Weapon scaling, forms, and toolkit",0.0,0.0,0.0,0.0,0.002614724182147195,0.0
Q15,D0064,Strong bleed emphasis,Bleed identity and gameplay,0.0,0.1279148040356407,0.017934172650970345,0.0,0.0,0.0
Q15,D0065,"Tiger's Fury, Berserk, and energy tools","Weapon scaling, forms, and toolkit",0.0,0.0,0.0,0.18672388836599527,0.0,0.0
Q15,D0066,Bleed identity and gameplay,"Weapon scaling, forms, and toolkit",0.0,0.0,0.1521399838162044,0.0,0.0,0.0
Q15,D0067,Cat/Bear hybrid and talents,"Weapon scaling, forms, and toolkit",0.0,0.0,0.0,0.0,0.003717978104601786,0.0
Q15,D0068,"Weapon scaling, forms, and toolkit",Cat/Bear hybrid and talents,0.0,0.0,0.0,0.0,0.0,0.46120577708980554
Q15,D0069,Strong bleed emphasis,Bleed identity and gameplay,0.0,0.1886364354370064,0.01557314181124144,0.0,0.0,0.0
Q15,D0070,"Tiger's Fury, Berserk, and energy tools",Strong bleed emphasis,0.0,0.1652228353743576,0.0,0.2423135307320093,0.0,0.0
Q15,D0071,Cat/Bear hybrid and talents,"Tiger's Fury, Berserk, and energy tools",0.0,0.0,0.0,0.00046209922661580576,0.0029586941251169307,0.0
Q15,D0072,Powershifting/removal (mixed polarity),Cat/Bear hybrid and talents,0.0,0.0,0.0,0.0,0.0,0.0
Q15,D0073,"Weapon scaling, forms, and toolkit",Strong bleed emphasis,0.0,0.06111780413266865,0.0,0.0,0.0,0.11351171937218937
Q15,D0074,Bleed identity and gameplay,Powershifting/removal (mixed polarity),0.11277193096520896,0.0,0.17365504701428663,0.0,0.0,0.0
Q15,D0075,Powershifting/removal (mixed polarity),Cat/Bear hybrid and talents,0.0,0.0,0.0,0.0,0.0,0.0
Q15,D0076,"Weapon scaling, forms, and toolkit",Cat/Bear hybrid and talents,0.0,0.0,0.0,0.0,0.0,0.19400529262127167
Q15,D0077,Powershifting/removal (mixed polarity),"Weapon scaling, forms, and toolkit",0.10343166697001556,0.0,0.0,0.0,0.0,0.0
Q15,D0078,"Tiger's Fury, Berserk, and energy tools",Cat/Bear hybrid and talents,0.0,0.0,0.0,0.0039304045494516875,0.0004613236564853712,0.0
Q15,D0079,Powershifting/removal (mixed polarity),Bleed identity and gameplay,0.07287868630143755,0.0,0.006240294501673111,0.0,0.0,0.0
Q15,D0080,Strong bleed emphasis,"Weapon scaling, forms, and toolkit",0.0,0.12872035838730964,0.0,0.0,0.0,0.0
Q15,D0081,Cat/Bear hybrid and talents,"Weapon scaling, forms, and toolkit",0.0,0.0,0.0,0.0,0.010479230907277391,0.0
Q15,D0082,Cat/Bear hybrid and talents,"Weapon scaling, forms, and toolkit",0.0,0.0,0.0,0.0,0.0747777233592892,0.0
Q15,D0083,Powershifting/removal (mixed polarity),Cat/Bear hybrid and talents,0.0,0.0,0.0,0.0,0.0,0.0
Q15,D0084,Powershifting/removal (mixed polarity),Cat/Bear hybrid and talents,0.0,0.0,0.0,0.0,0.0,0.0
Q15,D0085,Cat/Bear hybrid and talents,"Weapon scaling, forms, and toolkit",0.0,0.0,0.0,0.0,0.10077395291228511,0.0
Q15,D0086,Powershifting/removal (mixed polarity),Cat/Bear hybrid and talents,0.0,0.0,0.0,0.0,0.0,0.0
Q15,D0087,Cat/Bear hybrid and talents,"Weapon scaling, forms, and toolkit",0.0,0.0,0.0,0.0,0.06518248226528495,0.0
Q15,D0088,Bleed identity and gameplay,"Weapon scaling, forms, and toolkit",0.0,0.0,0.4010248994844579,0.0,0.0,0.0
Q15,D0089,Cat/Bear hybrid and talents,"Weapon scaling, forms, and toolkit",0.0,0.0,0.0,0.0,0.07948542514279996,0.0
Q15,D0090,Powershifting/removal (mixed polarity),Cat/Bear hybrid and talents,0.0,0.0,0.0,0.0,0.0,0.0
Q15,D0091,Powershifting/removal (mixed polarity),"Weapon scaling, forms, and toolkit",0.3692982368394259,0.0,0.0,0.0,0.0,0.0
Q15,D0092,Cat/Bear hybrid and talents,"Weapon scaling, forms, and toolkit",0.0,0.0,0.0,0.0,0.04916458762355709,0.0
Q15,D0093,Powershifting/removal (mixed polarity),Cat/Bear hybrid and talents,0.0,0.0,0.0,0.0,0.0,0.0
Q15,D0094,Bleed identity and gameplay,"Weapon scaling, forms, and toolkit",0.0,0.0,0.23140284934119187,0.0,0.0,0.0
Q15,D0095,Powershifting/removal (mixed polarity),Cat/Bear hybrid and talents,0.0,0.0,0.0,0.0,0.0,0.0
Q15,D0096,Powershifting/removal (mixed polarity),Cat/Bear hybrid and talents,0.0,0.0,0.0,0.0,0.0,0.0
Q15,D0097,Bleed identity and gameplay,Cat/Bear hybrid and talents,0.0,0.0,0.1110254201836283,0.0,0.005132352285337678,0.0
Q15,D0098,Strong bleed emphasis,"Weapon scaling, forms, and toolkit",0.0,0.10887506450475622,0.0,0.0,0.0,0.0
Q15,D0099,Powershifting/removal (mixed polarity),"Weapon scaling, forms, and toolkit",0.3692982368394259,0.0,0.0,0.0,0.0,0.0
Q15,D0100,Powershifting/removal (mixed polarity),"Weapon scaling, forms, and toolkit",0.07143847185158916,0.0,0.0,0.0,0.0,0.0
Q15,D0101,Cat/Bear hybrid and talents,"Weapon scaling, forms, and toolkit",0.0,0.0,0.0,0.0,0.14187979497133862,0.0
Q15,D0102,Bleed identity and gameplay,Cat/Bear hybrid and talents,0.0,0.0,0.024556411699778125,0.0,0.002854814136242112,0.0
Q15,D0103,Strong bleed emphasis,Bleed identity and gameplay,0.0,0.11600014236431706,0.006878079912567421,0.0,0.0,0.0
Q15,D0104,Powershifting/removal (mixed polarity),Cat/Bear hybrid and talents,0.0,0.0,0.0,0.0,0.0,0.0
Q15,D0105,Powershifting/removal (mixed polarity),Strong bleed emphasis,0.1266418035314275,0.07004512338543167,0.0,0.0,0.0,0.0
Q15,D0106,Strong bleed emphasis,Cat/Bear hybrid and talents,0.0,0.09122530630649936,0.0,0.0,0.04472191888782565,0.0
Q15,D0107,Cat/Bear hybrid and talents,"Weapon scaling, forms, and toolkit",0.0,0.0,0.0,0.0,0.057107155851025694,0.0
Q15,D0108,Cat/Bear hybrid and talents,"Weapon scaling, forms, and toolkit",0.0,0.0,0.0,0.0,0.009951791111700423,0.0
Q15,D0109,Powershifting/removal (mixed polarity),Cat/Bear hybrid and talents,0.0,0.0,0.0,0.0,0.0,0.0
Q15,D0110,Powershifting/removal (mixed polarity),Cat/Bear hybrid and talents,0.0,0.0,0.0,0.0,0.0,0.0
Q15,D0111,Cat/Bear hybrid and talents,"Weapon scaling, forms, and toolkit",0.0,0.0,0.0,0.0,0.0007967363257859343,0.0
Q15,D0112,Powershifting/removal (mixed polarity),Cat/Bear hybrid and talents,0.0,0.0,0.0,0.0,0.0,0.0
Q15,D0113,Cat/Bear hybrid and talents,"Weapon scaling, forms, and toolkit",0.0,0.0,0.0,0.0,0.005558867495329876,0.0
Q15,D0114,Cat/Bear hybrid and talents,"Weapon scaling, forms, and toolkit",0.0,0.0,0.0,0.0,0.00620390922322635,0.0
Q15,D0115,"Tiger's Fury, Berserk, and energy tools",Bleed identity and gameplay,0.0,0.0,0.0731568061748048,0.086945153538891,0.0,0.0
Q15,D0116,Strong bleed emphasis,Cat/Bear hybrid and talents,0.0,0.12718000930435985,0.011696772826940063,0.0,0.013809119995381591,0.0
Q15,D0117,Powershifting/removal (mixed polarity),Cat/Bear hybrid and talents,0.0,0.0,0.0,0.0,0.0,0.0
Q15,D0118,Bleed identity and gameplay,"Tiger's Fury, Berserk, and energy tools",0.0,0.0,0.016577830679793595,0.0014982785572915567,0.0,0.0
Q15,D0119,Powershifting/removal (mixed polarity),Cat/Bear hybrid and talents,0.0,0.0,0.0,0.0,0.0,0.0
Q15,D0120,Cat/Bear hybrid and talents,Strong bleed emphasis,0.0,0.08070714837056095,0.0,0.0,0.08163559111488503,0.0
Q15,D0121,Strong bleed emphasis,"Weapon scaling, forms, and toolkit",0.0,0.3927249013857382,0.0,0.0,0.0,0.0
Q15,D0122,Cat/Bear hybrid and talents,Bleed identity and gameplay,0.0,0.0,0.0043073551984181046,0.0,0.00875305581130662,0.0
Q15,D0123,Powershifting/removal (mixed polarity),Cat/Bear hybrid and talents,0.0,0.0,0.0,0.0,0.0,0.0
Q15,D0124,Strong bleed emphasis,Bleed identity and gameplay,0.0,0.16981220256394713,0.010736774215375538,0.0,0.0,0.0
Q15,D0125,Cat/Bear hybrid and talents,"Weapon scaling, forms, and toolkit",0.0,0.0,0.0,0.0,0.010900068892925854,0.0
Q15,D0126,"Tiger's Fury, Berserk, and energy tools",Cat/Bear hybrid and talents,0.0,0.0,0.0,0.09618989820121535,0.00840255460414598,0.0
Q15,D0127,Powershifting/removal (mixed polarity),Cat/Bear hybrid and talents,0.0,0.0,0.0,0.0,0.0,0.0
Q15,D0128,Powershifting/removal (mixed polarity),Cat/Bear hybrid and talents,0.0,0.0,0.0,0.0,0.0,0.0
Q15,D0129,Cat/Bear hybrid and talents,Bleed identity and gameplay,0.0,0.0002563303220778048,0.0005344677365759241,0.0,0.026103542909995482,0.0
Q15,D0130,Cat/Bear hybrid and talents,"Weapon scaling, forms, and toolkit",0.0,0.0,0.0,0.0,0.10776484318120519,0.0
Q15,D0131,Bleed identity and gameplay,"Tiger's Fury, Berserk, and energy tools",0.0,0.0,0.16598900277374393,0.1540546720136302,0.0,0.0
Q15,D0132,Powershifting/removal (mixed polarity),Cat/Bear hybrid and talents,0.0,0.0,0.0,0.0,0.0,0.0
Q15,D0133,Cat/Bear hybrid and talents,Bleed identity and gameplay,0.0,0.042602649465136075,0.08047750679638875,0.0,0.08996042626982213,0.0
Q15,D0134,Cat/Bear hybrid and talents,"Weapon scaling, forms, and toolkit",0.0,0.0,0.0,0.0,0.1066305882791762,0.0
Q15,D0135,Cat/Bear hybrid and talents,"Weapon scaling, forms, and toolkit",0.0,0.0,0.0,0.0,0.07366466467183312,0.0
Q15,D0136,Cat/Bear hybrid and talents,"Weapon scaling, forms, and toolkit",0.0,0.0,0.0,0.0,0.005616299223447727,0.0
Q15,D0137,Cat/Bear hybrid and talents,"Weapon scaling, forms, and toolkit",0.0,0.0,0.0,0.0,0.07178343026107371,0.0
Q15,D0138,Strong bleed emphasis,"Weapon scaling, forms, and toolkit",0.0,0.09598680613660783,0.0,0.0,0.0,0.0
Q15,D0139,Bleed identity and gameplay,Strong bleed emphasis,0.0,0.01735549209926557,0.1928259111552622,0.0,0.0,0.0
Q15,D0140,Strong bleed emphasis,Cat/Bear hybrid and talents,0.0,0.1578330573953488,0.0,0.0,0.020606204309251922,0.0
Q15,D0141,Bleed identity and gameplay,"Weapon scaling, forms, and toolkit",0.0,0.0,0.4010248994844579,0.0,0.0,0.0
Q15,D0142,Strong bleed emphasis,"Tiger's Fury, Berserk, and energy tools",0.0,0.13815851070313453,0.0,0.005152098703322524,0.0,0.0
Q15,D0143,Powershifting/removal (mixed polarity),Cat/Bear hybrid and talents,0.0,0.0,0.0,0.0,0.0,0.0
Q15,D0144,Strong bleed emphasis,Bleed identity and gameplay,0.0,0.12158751556088063,0.050419921069233126,0.0,0.0032874296620789903,0.0
Q15,D0145,Powershifting/removal (mixed polarity),Cat/Bear hybrid and talents,0.0,0.0,0.0,0.0,0.0,0.0
Q15,D0146,Powershifting/removal (mixed polarity),"Weapon scaling, forms, and toolkit",0.3692982368394259,0.0,0.0,0.0,0.0,0.0
Q15,D0147,Powershifting/removal (mixed polarity),Cat/Bear hybrid and talents,0.0,0.0,0.0,0.0,0.0,0.0
Q15,D0148,"Tiger's Fury, Berserk, and energy tools",Cat/Bear hybrid and talents,0.0,0.0,0.0,0.19555222089637064,0.006781590386290488,0.0
Q15,D0149,Powershifting/removal (mixed polarity),Cat/Bear hybrid and talents,0.0,0.0,0.0,0.0,0.0,0.0
Q15,D0150,Cat/Bear hybrid and talents,"Weapon scaling, forms, and toolkit",0.0,0.0,0.0,0.0,0.3230383115200756,0.0
Q15,D0151,Powershifting/removal (mixed polarity),Cat/Bear hybrid and talents,0.0,0.0,0.0,0.0,0.0,0.0
Q15,D0152,"Tiger's Fury, Berserk, and energy tools",Powershifting/removal (mixed polarity),0.06093081250760784,0.0,0.0,0.0933136517114592,0.0,0.0
Q15,D0153,Cat/Bear hybrid and talents,Bleed identity and gameplay,0.0,0.0,0.0002753914358128556,0.0,0.06867709617749224,0.0
Q15,D0154,Powershifting/removal (mixed polarity),Cat/Bear hybrid and talents,0.0,0.0,0.0,0.0,0.0,0.0
Q15,D0155,Strong bleed emphasis,"Weapon scaling, forms, and toolkit",0.0,0.09553829881783173,0.0,0.0,0.0,0.0
Q15,D0156,Bleed identity and gameplay,Strong bleed emphasis,0.0,0.0050667826388881496,0.27019418915526316,0.0,0.0,0.0
Q15,D0157,Powershifting/removal (mixed polarity),Cat/Bear hybrid and talents,0.0,0.0,0.0,0.0,0.0,0.0
Q15,D0158,Strong bleed emphasis,"Weapon scaling, forms, and toolkit",0.0,0.16029845402548282,0.0,0.0,0.0,0.0
Q15,D0159,Cat/Bear hybrid and talents,"Weapon scaling, forms, and toolkit",0.0,0.0,0.0,0.0,0.042908005215606906,0.0
Q15,D0160,Powershifting/removal (mixed polarity),Cat/Bear hybrid and talents,0.0,0.0,0.0,0.0,0.0,0.0
Q15,D0161,Cat/Bear hybrid and talents,"Weapon scaling, forms, and toolkit",0.0,0.0,0.0,0.0,0.07315482956643772,0.0
Q15,D0162,Powershifting/removal (mixed polarity),"Weapon scaling, forms, and toolkit",0.3692982368394259,0.0,0.0,0.0,0.0,0.0
Q15,D0163,"Tiger's Fury, Berserk, and energy tools",Powershifting/removal (mixed polarity),0.12403997469870794,0.0,0.0,0.1751617364685523,0.0,0.0
Q15,D0164,Cat/Bear hybrid and talents,"Weapon scaling, forms, and toolkit",0.0,0.0,0.0,0.0,0.06031677169081336,0.0
Q15,D0165,Cat/Bear hybrid and talents,"Weapon scaling, forms, and toolkit",0.0,0.0,0.0,0.0,0.07205204685887037,0.0
Q15,D0166,Strong bleed emphasis,Bleed identity and gameplay,0.0,0.13767022855283528,0.0037129493790879456,0.0,0.0,0.0
Q15,D0167,"Tiger's Fury, Berserk, and energy tools","Weapon scaling, forms, and toolkit",0.049071891215174204,0.0,0.0,0.0907505237586397,0.007874981417198222,0.08132805502912174
Q15,D0168,Strong bleed emphasis,Cat/Bear hybrid and talents,0.0,0.06192700703548803,0.008266531371514778,0.0,0.01460609175659283,0.0
Q15,D0169,Powershifting/removal (mixed polarity),Cat/Bear hybrid and talents,0.0,0.0,0.0,0.0,0.0,0.0
Q15,D0170,Powershifting/removal (mixed polarity),Cat/Bear hybrid and talents,0.0,0.0,0.0,0.0,0.0,0.0
Q15,D0171,Bleed identity and gameplay,Cat/Bear hybrid and talents,0.0,0.0,0.06916823610453766,0.0,0.005937950998259819,0.0
Q15,D0172,Powershifting/removal (mixed polarity),Cat/Bear hybrid and talents,0.0,0.0,0.0,0.0,0.0,0.0
Q15,D0173,Powershifting/removal (mixed polarity),"Tiger's Fury, Berserk, and energy tools",0.11644130124832347,0.0,0.0,0.013614615112437571,0.0,0.0
Q15,D0174,Powershifting/removal (mixed polarity),Cat/Bear hybrid and talents,0.0,0.0,0.0,0.0,0.0,0.0
Q15,D0175,Powershifting/removal (mixed polarity),Cat/Bear hybrid and talents,0.0,0.0,0.0,0.0,0.0,0.0
Q15,D0176,"Tiger's Fury, Berserk, and energy tools",Bleed identity and gameplay,0.0,0.07088130007041349,0.08755420727656292,0.11304112156767604,0.0,0.0
Q15,D0177,Powershifting/removal (mixed polarity),Cat/Bear hybrid and talents,0.0,0.0,0.0,0.0,0.0,0.0
Q15,D0178,Powershifting/removal (mixed polarity),"Weapon scaling, forms, and toolkit",0.3692982368394259,0.0,0.0,0.0,0.0,0.0
Q15,D0179,Cat/Bear hybrid and talents,"Weapon scaling, forms, and toolkit",0.0,0.0,0.0,0.0,0.048387058492534885,0.0
Q15,D0180,Powershifting/removal (mixed polarity),"Weapon scaling, forms, and toolkit",0.3692982368394259,0.0,0.0,0.0,0.0,0.0
Q15,D0181,Powershifting/removal (mixed polarity),"Weapon scaling, forms, and toolkit",0.3692982368394259,0.0,0.0,0.0,0.0,0.0
Q15,D0182,Powershifting/removal (mixed polarity),Cat/Bear hybrid and talents,0.0,0.0,0.0,0.0,0.0,0.0
Q15,D0183,Cat/Bear hybrid and talents,"Weapon scaling, forms, and toolkit",0.0,0.0,0.0,0.0,0.0343630115637424,0.0
Q15,D0184,Powershifting/removal (mixed polarity),Cat/Bear hybrid and talents,0.0,0.0,0.0,0.0,0.0,0.0
Q15,D0185,Powershifting/removal (mixed polarity),Cat/Bear hybrid and talents,0.0,0.0,0.0,0.0,0.0,0.0
Q15,D0186,Cat/Bear hybrid and talents,Strong bleed emphasis,0.0,0.001223086086427263,0.0,0.0,0.014465269969608204,0.0
Q15,D0187,Bleed identity and gameplay,Strong bleed emphasis,0.0,0.0005300023998535815,0.2082767590933985,0.0,0.0,0.0
Q15,D0188,Cat/Bear hybrid and talents,"Tiger's Fury, Berserk, and energy tools",0.0,0.0,0.0,0.017686892362663804,0.09620802369570508,0.0
Q15,D0189,Powershifting/removal (mixed polarity),"Weapon scaling, forms, and toolkit",0.3692982368394259,0.0,0.0,0.0,0.0,0.0
Q15,D0190,Powershifting/removal (mixed polarity),Cat/Bear hybrid and talents,0.0,0.0,0.0,0.0,0.0,0.0
Q15,D0191,Cat/Bear hybrid and talents,"Weapon scaling, forms, and toolkit",0.0,0.0,0.0,0.0,0.13725965406157895,0.0
Q15,D0192,"Tiger's Fury, Berserk, and energy tools","Weapon scaling, forms, and toolkit",0.0,0.0,0.0,0.0028318961365816873,0.0,0.0
Q15,D0193,Powershifting/removal (mixed polarity),Cat/Bear hybrid and talents,0.0,0.0,0.0,0.0,0.0,0.0
Q15,D0194,Powershifting/removal (mixed polarity),Cat/Bear hybrid and talents,0.0,0.0,0.0,0.0,0.0,0.0
Q15,D0195,Cat/Bear hybrid and talents,"Weapon scaling, forms, and toolkit",0.0,0.0,0.0,0.0,0.0012628389147664168,0.0
Q15,D0196,Powershifting/removal (mixed polarity),"Tiger's Fury, Berserk, and energy tools",0.12942344547631512,0.0,0.0,0.016129573110306862,0.004523939476819713,0.0
Q15,D0197,Cat/Bear hybrid and talents,"Weapon scaling, forms, and toolkit",0.0,0.0,0.0,0.0,0.05102951246728536,0.0
Q15,D0198,Cat/Bear hybrid and talents,"Tiger's Fury, Berserk, and energy tools",0.0,0.0,0.0,0.05672847386406152,0.0865562198749335,0.0
Q15,D0199,Powershifting/removal (mixed polarity),Cat/Bear hybrid and talents,0.0,0.0,0.0,0.0,0.0,0.0
Q15,D0200,Powershifting/removal (mixed polarity),Cat/Bear hybrid and talents,0.0,0.0,0.0,0.0,0.0,0.0
Q15,D0201,Powershifting/removal (mixed polarity),Strong bleed emphasis,0.22741925880617145,0.0010921803197483286,0.0,0.0,0.0,0.0
Q15,D0202,Powershifting/removal (mixed polarity),"Weapon scaling, forms, and toolkit",0.09645469562304711,0.0,0.0,0.0,0.0,0.0
Q15,D0203,"Tiger's Fury, Berserk, and energy tools","Weapon scaling, forms, and toolkit",0.0,0.0,0.0,0.0003634767616244668,0.0,0.0
Q15,D0204,Powershifting/removal (mixed polarity),Cat/Bear hybrid and talents,0.0,0.0,0.0,0.0,0.0,0.0
Q15,D0205,Bleed identity and gameplay,"Weapon scaling, forms, and toolkit",0.0,0.0,0.4010248994844579,0.0,0.0,0.0
Q15,D0206,Powershifting/removal (mixed polarity),Cat/Bear hybrid and talents,0.0,0.0,0.0,0.0,0.0,0.0
Q15,D0207,Powershifting/removal (mixed polarity),Cat/Bear hybrid and talents,0.0,0.0,0.0,0.0,0.0,0.0
Q15,D0208,Powershifting/removal (mixed polarity),"Weapon scaling, forms, and toolkit",0.06638810661114003,0.0,0.0,0.0,0.0,0.0
Q15,D0209,Powershifting/removal (mixed polarity),Cat/Bear hybrid and talents,0.0,0.0,0.0,0.0,0.0,0.0
Q15,D0210,Cat/Bear hybrid and talents,"Weapon scaling, forms, and toolkit",0.0,0.0,0.0,0.0,0.05925280971490194,0.0
Q15,D0211,Powershifting/removal (mixed polarity),Cat/Bear hybrid and talents,0.0,0.0,0.0,0.0,0.0,0.0
Q15,D0212,"Tiger's Fury, Berserk, and energy tools","Weapon scaling, forms, and toolkit",0.0,0.0,0.0,0.13216075730315066,0.0,0.0
Q15,D0213,"Tiger's Fury, Berserk, and energy tools",Cat/Bear hybrid and talents,0.0,0.0,0.0,0.020546773534391584,0.008360961441735884,0.0
Q15,D0214,Powershifting/removal (mixed polarity),Cat/Bear hybrid and talents,0.0,0.0,0.0,0.0,0.0,0.0
Q15,D0215,"Tiger's Fury, Berserk, and energy tools","Weapon scaling, forms, and toolkit",0.0,0.0,0.0,0.16059426939343596,0.0,0.0
Q15,D0216,Strong bleed emphasis,"Weapon scaling, forms, and toolkit",0.0,0.12958011211809203,0.0,0.0,0.0,0.0
Q15,D0217,Cat/Bear hybrid and talents,"Weapon scaling, forms, and toolkit",0.0,0.0,0.0,0.0,0.11507811557944075,0.0
Q15,D0218,Powershifting/removal (mixed polarity),Cat/Bear hybrid and talents,0.0,0.0,0.0,0.0,0.0,0.0
Q15,D0219,Cat/Bear hybrid and talents,"Weapon scaling, forms, and toolkit",0.0,0.0,0.0,0.0,0.014061905038269321,0.0
Q15,D0220,Powershifting/removal (mixed polarity),Cat/Bear hybrid and talents,0.0,0.0,0.0,0.0,0.0,0.0
Q15,D0221,Powershifting/removal (mixed polarity),Cat/Bear hybrid and talents,0.0,0.0,0.0,0.0,0.0,0.0
Q15,D0222,Strong bleed emphasis,"Weapon scaling, forms, and toolkit",0.0,0.1227985154990799,0.0,0.0,0.0,0.0
Q15,D0223,Strong bleed emphasis,"Weapon scaling, forms, and toolkit",0.0,0.10932208920237413,0.0,0.0,0.0,0.0
Q15,D0224,Powershifting/removal (mixed polarity),Cat/Bear hybrid and talents,0.0,0.0,0.0,0.0,0.0,0.0
Q15,D0225,"Tiger's Fury, Berserk, and energy tools","Weapon scaling, forms, and toolkit",0.0,0.0,0.0,0.14382578816595268,0.0,0.0
Q15,D0226,Strong bleed emphasis,"Weapon scaling, forms, and toolkit",0.0,0.19730173793923106,0.0,0.0,0.0,0.0
Q15,D0227,Bleed identity and gameplay,"Weapon scaling, forms, and toolkit",0.0,0.0,0.1882896712210878,0.0,0.0,0.0
Q15,D0228,Cat/Bear hybrid and talents,"Weapon scaling, forms, and toolkit",0.0,0.0,0.0,0.0,0.0746771851795617,0.0
Q15,D0229,Powershifting/removal (mixed polarity),Cat/Bear hybrid and talents,0.0,0.0,0.0,0.0,0.0,0.0
Q15,D0230,Bleed identity and gameplay,"Weapon scaling, forms, and toolkit",0.0,0.0,0.07560760133869068,0.0,0.0,0.0
Q15,D0231,Cat/Bear hybrid and talents,"Weapon scaling, forms, and toolkit",0.0,0.0,0.0,0.0,0.05955383427705211,0.0
Q15,D0232,Strong bleed emphasis,"Weapon scaling, forms, and toolkit",0.0,0.09538343724510479,0.0,0.0,0.0,0.0
Q15,D0233,Strong bleed emphasis,"Weapon scaling, forms, and toolkit",0.0,0.20344109591175283,0.0,0.0,0.0,0.0
Q15,D0234,"Tiger's Fury, Berserk, and energy tools","Weapon scaling, forms, and toolkit",0.0,0.0,0.0,0.17410501873860976,0.0,0.0
Q15,D0235,Powershifting/removal (mixed polarity),"Weapon scaling, forms, and toolkit",0.3692982368394259,0.0,0.0,0.0,0.0,0.0
Q15,D0236,"Weapon scaling, forms, and toolkit",Cat/Bear hybrid and talents,0.0,0.0,0.0,0.0,0.0,0.32838023896747504
Q15,D0237,Strong bleed emphasis,"Weapon scaling, forms, and toolkit",0.0,0.19434919855025964,0.0,0.0,0.0,0.0
Q15,D0238,Powershifting/removal (mixed polarity),Cat/Bear hybrid and talents,0.0,0.0,0.0,0.0,0.0,0.0
Q15,D0239,Cat/Bear hybrid and talents,"Weapon scaling, forms, and toolkit",0.0,0.0,0.0,0.0,0.00335649335794941,0.0004393876866747436
Q15,D0240,Cat/Bear hybrid and talents,"Weapon scaling, forms, and toolkit",0.0,0.0,0.0,0.0,0.17656197071543614,0.0
Q15,D0241,Powershifting/removal (mixed polarity),Cat/Bear hybrid and talents,0.0,0.0,0.0,0.0,0.0,0.0
Q15,D0242,Cat/Bear hybrid and talents,"Weapon scaling, forms, and toolkit",0.0,0.0,0.0,0.0,0.1054807818674247,0.0
Q15,D0243,Powershifting/removal (mixed polarity),Cat/Bear hybrid and talents,0.0,0.0,0.0,0.0,0.0,0.0
Q15,D0244,Cat/Bear hybrid and talents,"Weapon scaling, forms, and toolkit",0.0,0.0,0.0,0.0,0.008850621230700264,0.0
Q15,D0245,Cat/Bear hybrid and talents,"Weapon scaling, forms, and toolkit",0.0,0.0,0.0,0.0,0.06301479299373089,0.0
Q15,D0246,Powershifting/removal (mixed polarity),Cat/Bear hybrid and talents,0.0,0.0,0.0,0.0,0.0,0.0
Q15,D0247,Powershifting/removal (mixed polarity),Cat/Bear hybrid and talents,0.0,0.0,0.0,0.0,0.0,0.0
Q15,D0248,Powershifting/removal (mixed polarity),Cat/Bear hybrid and talents,0.048530468748446264,0.0,0.0011125786341518197,0.0,0.04110527734034306,0.0
Q15,D0249,Bleed identity and gameplay,"Weapon scaling, forms, and toolkit",0.0,0.0,0.1240545975944073,0.0,0.0,0.0
Q15,D0250,Powershifting/removal (mixed polarity),"Weapon scaling, forms, and toolkit",0.3692982368394259,0.0,0.0,0.0,0.0,0.0
Q15,D0251,Strong bleed emphasis,Cat/Bear hybrid and talents,0.0,0.21376816785323355,0.0,0.0,0.009948282059576768,0.0
Q15,D0252,Strong bleed emphasis,"Weapon scaling, forms, and toolkit",0.0,0.3927249013857382,0.0,0.0,0.0,0.0
Q15,D0253,Bleed identity and gameplay,"Weapon scaling, forms, and toolkit",0.0,0.0,0.21703830758816214,0.0,0.0,0.0
Q15,D0254,"Tiger's Fury, Berserk, and energy tools","Weapon scaling, forms, and toolkit",0.0,0.0,0.0,0.006712225773586563,0.0,0.0
Q15,D0255,Cat/Bear hybrid and talents,"Weapon scaling, forms, and toolkit",0.0,0.0,0.0,0.0,0.10894815665032172,0.0
Q15,D0256,Powershifting/removal (mixed polarity),Cat/Bear hybrid and talents,0.0,0.0,0.0,0.0,0.0,0.0
Q15,D0257,Cat/Bear hybrid and talents,"Weapon scaling, forms, and toolkit",0.0,0.0,0.0,0.0,0.06247104009429818,0.0
Q15,D0258,Powershifting/removal (mixed polarity),Cat/Bear hybrid and talents,0.0,0.0,0.0,0.0,0.0,0.0
Q15,D0259,Cat/Bear hybrid and talents,"Weapon scaling, forms, and toolkit",0.0,0.0,0.0,0.0,0.10355818617737528,0.0
Q15,D0260,Strong bleed emphasis,"Weapon scaling, forms, and toolkit",0.0,0.10465363081182909,0.0,0.0,0.0,0.0
Q15,D0261,Powershifting/removal (mixed polarity),Cat/Bear hybrid and talents,0.0,0.0,0.0,0.0,0.0,0.0
Q15,D0262,Powershifting/removal (mixed polarity),Cat/Bear hybrid and talents,0.0,0.0,0.0,0.0,0.0,0.0
Q15,D0263,Bleed identity and gameplay,Strong bleed emphasis,0.0,0.0005300023998535815,0.2082767590933985,0.0,0.0,0.0
Q15,D0264,Bleed identity and gameplay,Strong bleed emphasis,0.0,0.008010021350553825,0.023721351963648458,0.0,0.0,0.0
Q15,D0265,Bleed identity and gameplay,"Weapon scaling, forms, and toolkit",0.0,0.0,0.4010248994844579,0.0,0.0,0.0
Q15,D0266,"Weapon scaling, forms, and toolkit",Cat/Bear hybrid and talents,0.0,0.0,0.0,0.0,0.0,0.20774919480978682
Q15,D0267,Powershifting/removal (mixed polarity),Cat/Bear hybrid and talents,0.0,0.0,0.0,0.0,0.0,0.0
Q15,D0268,Strong bleed emphasis,"Weapon scaling, forms, and toolkit",0.0,0.3927249013857382,0.0,0.0,0.0,0.0
Q15,D0269,Powershifting/removal (mixed polarity),Cat/Bear hybrid and talents,0.07652040614996267,0.0,0.0,0.0,0.059905354651154354,0.0
Q15,D0270,Strong bleed emphasis,"Weapon scaling, forms, and toolkit",0.0,0.16026016397049847,0.0,0.0,0.0,0.0
Q15,D0271,Strong bleed emphasis,"Weapon scaling, forms, and toolkit",0.0,0.11591005071653288,0.0,0.0,0.0,0.0
Q15,D0272,"Tiger's Fury, Berserk, and energy tools","Weapon scaling, forms, and toolkit",0.0,0.0,0.0,0.43465115099637797,0.0,0.0
Q15,D0273,"Weapon scaling, forms, and toolkit",Cat/Bear hybrid and talents,0.0,0.0,0.0,0.0,0.0003123443930901984,0.09462289260986673
Q15,D0274,Bleed identity and gameplay,Cat/Bear hybrid and talents,0.0,0.0,0.09267486948310932,0.0,0.009961069622274605,0.0
Q15,D0275,Powershifting/removal (mixed polarity),Cat/Bear hybrid and talents,0.0,0.0,0.0,0.0,0.0,0.0
Q15,D0276,"Tiger's Fury, Berserk, and energy tools","Weapon scaling, forms, and toolkit",0.0,0.0,0.0,0.20687526706629497,0.0,0.0
Q15,D0277,Powershifting/removal (mixed polarity),Cat/Bear hybrid and talents,0.0,0.0,0.0,0.0,0.0,0.0
Q15,D0278,"Weapon scaling, forms, and toolkit",Cat/Bear hybrid and talents,0.0,0.0,0.0,0.0,0.0,0.46120577708980554
Q15,D0279,Powershifting/removal (mixed polarity),"Tiger's Fury, Berserk, and energy tools",0.22338772416329922,0.0,0.0,0.0022935217933075236,0.0008639659981103524,0.0
Q15,D0280,Strong bleed emphasis,Bleed identity and gameplay,0.0,0.07360488974820875,0.0019893356831224077,0.0,0.0,0.0
Q15,D0281,Powershifting/removal (mixed polarity),"Weapon scaling, forms, and toolkit",0.3692982368394259,0.0,0.0,0.0,0.0,0.0
Q15,D0282,Cat/Bear hybrid and talents,"Weapon scaling, forms, and toolkit",0.0,0.0,0.0,0.0,0.00617437014333816,0.0
Q15,D0283,Cat/Bear hybrid and talents,"Weapon scaling, forms, and toolkit",0.0,0.0,0.0,0.0,0.10278250108102993,0.0
Q15,D0284,Cat/Bear hybrid and talents,"Tiger's Fury, Berserk, and energy tools",0.0,0.0,0.0,0.003956595709526079,0.20091282724773357,0.0
Q15,D0285,Powershifting/removal (mixed polarity),Cat/Bear hybrid and talents,0.08107700254801058,0.0,0.0,0.0,0.06459850980788466,0.0
Q15,D0286,"Tiger's Fury, Berserk, and energy tools","Weapon scaling, forms, and toolkit",0.0,0.0,0.0,0.002316150799747326,0.0,0.0
Q15,D0287,Cat/Bear hybrid and talents,"Weapon scaling, forms, and toolkit",0.0,0.0,0.0,0.0,0.16640187605033394,0.0
Q15,D0288,Cat/Bear hybrid and talents,"Weapon scaling, forms, and toolkit",0.0,0.0,0.0,0.0,0.1241371667677439,0.0
Q15,D0289,Cat/Bear hybrid and talents,"Weapon scaling, forms, and toolkit",0.0,0.0,0.0,0.0,0.007075885682067438,0.0
Q15,D0290,Cat/Bear hybrid and talents,"Weapon scaling, forms, and toolkit",0.0,0.0,0.0,0.0,0.057264273608395325,0.0
Q15,D0291,Powershifting/removal (mixed polarity),Cat/Bear hybrid and talents,0.15155179584641004,0.0,0.0,0.0,0.020688097969296958,0.0
Q15,D0292,Cat/Bear hybrid and talents,"Weapon scaling, forms, and toolkit",0.0,0.0,0.0,0.0,0.0017352990795246946,0.0
Q15,D0293,"Weapon scaling, forms, and toolkit",Cat/Bear hybrid and talents,0.0,0.0007279279456583474,0.0,0.0,0.007925293999184853,0.08111236904290446
Q15,D0294,Strong bleed emphasis,"Weapon scaling, forms, and toolkit",0.0,0.3927249013857382,0.0,0.0,0.0,0.0
Q15,D0295,Cat/Bear hybrid and talents,Strong bleed emphasis,0.0,0.09176962629189991,0.0,0.0,0.14517164284221348,0.0
Q15,D0296,Cat/Bear hybrid and talents,"Weapon scaling, forms, and toolkit",0.0,0.0,0.0,0.0,0.005890223972335994,0.0
Q15,D0297,Powershifting/removal (mixed polarity),Cat/Bear hybrid and talents,0.0,0.0,0.0,0.0,0.0,0.0
Q15,D0298,Powershifting/removal (mixed polarity),"Weapon scaling, forms, and toolkit",0.3692982368394259,0.0,0.0,0.0,0.0,0.0
Q15,D0299,"Tiger's Fury, Berserk, and energy tools",Cat/Bear hybrid and talents,0.0008806112222997846,0.0,0.0,0.0501060746332051,0.009789579098992559,0.0
Q15,D0300,Cat/Bear hybrid and talents,"Weapon scaling, forms, and toolkit",0.0,0.0,0.0,0.0,0.007052613476862649,0.0
Q15,D0301,Powershifting/removal (mixed polarity),"Weapon scaling, forms, and toolkit",0.3692982368394259,0.0,0.0,0.0,0.0,0.0
Q15,D0302,Powershifting/removal (mixed polarity),"Weapon scaling, forms, and toolkit",0.3692982368394259,0.0,0.0,0.0,0.0,0.0
Q15,D0303,Strong bleed emphasis,"Weapon scaling, forms, and toolkit",0.0,0.0017141769221235984,0.0,0.0,0.0,0.0
Q15,D0304,Powershifting/removal (mixed polarity),Cat/Bear hybrid and talents,0.0,0.0,0.0,0.0,0.0,0.0
Q15,D0305,Powershifting/removal (mixed polarity),"Weapon scaling, forms, and toolkit",0.3692982368394259,0.0,0.0,0.0,0.0,0.0
Q15,D0306,Strong bleed emphasis,Bleed identity and gameplay,0.0,0.22622231124804665,0.01764432754880871,0.0,0.0,0.0
Q15,D0307,Powershifting/removal (mixed polarity),Cat/Bear hybrid and talents,0.0,0.0,0.0,0.0,0.0,0.0
Q15,D0308,Powershifting/removal (mixed polarity),Cat/Bear hybrid and talents,0.0,0.0,0.0,0.0,0.0,0.0
Q15,D0309,Powershifting/removal (mixed polarity),Cat/Bear hybrid and talents,0.0,0.0,0.0,0.0,0.0,0.0
Q15,D0310,Cat/Bear hybrid and talents,"Tiger's Fury, Berserk, and energy tools",0.0,0.0,0.0,0.008346012933613155,0.13043845563802567,0.0
Q15,D0311,Powershifting/removal (mixed polarity),Cat/Bear hybrid and talents,0.0,0.0,0.0,0.0,0.0,0.0
Q15,D0312,Strong bleed emphasis,"Tiger's Fury, Berserk, and energy tools",0.0,0.08417632100865044,0.0,0.07933961251460225,0.01976739195652983,0.0
Q15,D0313,Cat/Bear hybrid and talents,"Weapon scaling, forms, and toolkit",0.0,0.0,0.0,0.0,0.1569246619469688,0.0
Q15,D0314,Powershifting/removal (mixed polarity),Cat/Bear hybrid and talents,0.0,0.0,0.0,0.0,0.0,0.0
Q15,D0315,Powershifting/removal (mixed polarity),Cat/Bear hybrid and talents,0.0,0.0,0.0,0.0,0.0,0.0
Q15,D0316,Powershifting/removal (mixed polarity),Cat/Bear hybrid and talents,0.0,0.0,0.0,0.0,0.0,0.0
Q15,D0317,Powershifting/removal (mixed polarity),"Tiger's Fury, Berserk, and energy tools",0.05885171993886864,0.0,0.0,0.006558755286106683,0.0,0.0
Q15,D0318,Powershifting/removal (mixed polarity),Bleed identity and gameplay,0.05534361153085657,0.0,0.004202350221071158,0.0,0.0,0.0
Q15,D0319,Cat/Bear hybrid and talents,"Weapon scaling, forms, and toolkit",0.0,0.0,0.0,0.0,0.030539907123591815,0.0
Q15,D0320,Cat/Bear hybrid and talents,"Weapon scaling, forms, and toolkit",0.0,0.0,0.0,0.0,0.2736630639256212,0.0
Q15,D0321,Powershifting/removal (mixed polarity),Cat/Bear hybrid and talents,0.0,0.0,0.0,0.0,0.0,0.0
Q15,D0322,Powershifting/removal (mixed polarity),Cat/Bear hybrid and talents,0.0,0.0,0.0,0.0,0.0,0.0
Q15,D0323,Cat/Bear hybrid and talents,"Weapon scaling, forms, and toolkit",0.0,0.0,0.0,0.0,0.1668507186090261,0.0
Q15,D0324,Powershifting/removal (mixed polarity),Cat/Bear hybrid and talents,0.0,0.0,0.0,0.0,0.0,0.0
Q15,D0325,Cat/Bear hybrid and talents,"Tiger's Fury, Berserk, and energy tools",0.0,0.001120202504588756,0.0,0.003836514604080084,0.050606671157869224,0.0
Q15,D0326,Powershifting/removal (mixed polarity),Cat/Bear hybrid and talents,0.0,0.0,0.0,0.0,0.0,0.0
Q15,D0327,Powershifting/removal (mixed polarity),Cat/Bear hybrid and talents,0.0,0.0,0.0,0.0,0.0,0.0
Q15,D0328,"Tiger's Fury, Berserk, and energy tools",Strong bleed emphasis,0.0,0.0597801568265906,0.0,0.08592450440272749,0.0,0.0
Q15,D0329,Bleed identity and gameplay,"Tiger's Fury, Berserk, and energy tools",0.0,0.0,0.17412055432408824,0.012643777256160891,0.0016190006152723595,0.0
Q15,D0330,Cat/Bear hybrid and talents,"Weapon scaling, forms, and toolkit",0.0,0.0,0.0,0.0,0.03970795135998546,0.0
Q15,D0331,Powershifting/removal (mixed polarity),Cat/Bear hybrid and talents,0.0,0.0,0.0,0.0,0.0,0.0
Q15,D0332,Powershifting/removal (mixed polarity),Cat/Bear hybrid and talents,0.0,0.0,0.0,0.0,0.0,0.0
Q15,D0333,Cat/Bear hybrid and talents,"Weapon scaling, forms, and toolkit",0.0,0.0,0.0,0.0,0.06633067061339618,0.0
Q15,D0334,"Weapon scaling, forms, and toolkit",Strong bleed emphasis,0.0,0.11085455711422863,0.0,0.0,0.0,0.1893259252005145
Q15,D0335,Cat/Bear hybrid and talents,"Weapon scaling, forms, and toolkit",0.0,0.0,0.0,0.0,0.10061343849442202,0.0
Q15,D0336,Powershifting/removal (mixed polarity),Cat/Bear hybrid and talents,0.0,0.0,0.0,0.0,0.0,0.0
Q15,D0337,Powershifting/removal (mixed polarity),"Weapon scaling, forms, and toolkit",0.10306306697952683,0.0,0.0,0.0,0.0,0.0
Q15,D0338,Powershifting/removal (mixed polarity),Cat/Bear hybrid and talents,0.0,0.0,0.0,0.0,0.0,0.0
Q15,D0339,Cat/Bear hybrid and talents,"Weapon scaling, forms, and toolkit",0.0,0.0,0.0,0.0,0.11888669032686482,0.0
Q15,D0340,Powershifting/removal (mixed polarity),"Weapon scaling, forms, and toolkit",0.14220662699432776,0.0,0.0,0.0,0.0,0.0
Q15,D0341,Strong bleed emphasis,"Weapon scaling, forms, and toolkit",0.0,0.131729457562421,0.0,0.0,0.0,0.0
Q15,D0342,Cat/Bear hybrid and talents,"Weapon scaling, forms, and toolkit",0.0,0.0,0.0,0.0,0.17087255831666093,0.0
Q15,D0343,Powershifting/removal (mixed polarity),Strong bleed emphasis,0.06915443693250671,0.06824290026635242,0.0,0.0,0.0,0.0
Q15,D0344,"Tiger's Fury, Berserk, and energy tools",Cat/Bear hybrid and talents,0.0008806112222997846,0.0,0.0,0.0501060746332051,0.009789579098992559,0.0
Q15,D0345,Strong bleed emphasis,Bleed identity and gameplay,0.0,0.09669321306950018,0.010540975535500237,0.0,0.0,0.0
Q15,D0346,Powershifting/removal (mixed polarity),Cat/Bear hybrid and talents,0.0,0.0,0.0,0.0,0.0,0.0
Q15,D0347,Strong bleed emphasis,Cat/Bear hybrid and talents,0.0,0.04252707141095033,0.0,0.0,0.005280847887326737,0.0
Q15,D0348,Powershifting/removal (mixed polarity),Cat/Bear hybrid and talents,0.0,0.0,0.0,0.0,0.0,0.0
Q15,D0349,Strong bleed emphasis,"Tiger's Fury, Berserk, and energy tools",0.0,0.11822263463110357,0.0,0.002411347718374968,0.0,0.0
Q15,D0350,Cat/Bear hybrid and talents,"Weapon scaling, forms, and toolkit",0.0,0.0,0.0,0.0,0.0803216819375867,0.0
Q15,D0351,Strong bleed emphasis,"Weapon scaling, forms, and toolkit",0.0,0.1047564675594494,0.0,0.0,0.0,0.0
Q15,D0352,Powershifting/removal (mixed polarity),Cat/Bear hybrid and talents,0.0,0.0,0.0,0.0,0.0,0.0
Q15,D0353,Powershifting/removal (mixed polarity),Cat/Bear hybrid and talents,0.0,0.0,0.0,0.0,0.0,0.0
Q15,D0354,Cat/Bear hybrid and talents,"Weapon scaling, forms, and toolkit",0.0,0.0,0.0,0.0,0.023703410588451015,0.0
Q15,D0355,Cat/Bear hybrid and talents,"Weapon scaling, forms, and toolkit",0.0,0.0,0.0,0.0,0.0007148240430714921,0.0
Q15,D0356,"Tiger's Fury, Berserk, and energy tools","Weapon scaling, forms, and toolkit",0.0,0.0,0.0,0.18539577001473515,0.0,0.0
Q15,D0357,Cat/Bear hybrid and talents,Strong bleed emphasis,0.0,5.1867486294460656e-05,0.0,0.0,0.01347209887457451,0.0
Q15,D0358,Bleed identity and gameplay,"Weapon scaling, forms, and toolkit",0.0,0.0,0.003649192372758988,0.0,0.0,0.0
Q15,D0359,Strong bleed emphasis,Bleed identity and gameplay,0.0,0.017830546985227593,0.008551179647243806,0.0,0.0,0.0
Q15,D0360,Strong bleed emphasis,Bleed identity and gameplay,0.0,0.1886364354370064,0.01557314181124144,0.0,0.0,0.0
Q15,D0361,Powershifting/removal (mixed polarity),Cat/Bear hybrid and talents,0.0,0.0,0.0,0.0,0.0,0.0
Q15,D0362,Cat/Bear hybrid and talents,"Weapon scaling, forms, and toolkit",0.0,0.0,0.0,0.0,0.060228587456190565,0.0
Q15,D0363,Powershifting/removal (mixed polarity),Cat/Bear hybrid and talents,0.0,0.0,0.0,0.0,0.0,0.0
Q15,D0364,Strong bleed emphasis,"Weapon scaling, forms, and toolkit",0.0,0.07955831426952824,0.0,0.0,0.0,0.0
Q15,D0365,Powershifting/removal (mixed polarity),Cat/Bear hybrid and talents,0.0,0.0,0.0,0.0,0.0,0.0
Q15,D0366,Powershifting/removal (mixed polarity),Cat/Bear hybrid and talents,0.0,0.0,0.0,0.0,0.0,0.0
Q15,D0367,Cat/Bear hybrid and talents,"Weapon scaling, forms, and toolkit",0.0,0.0,0.0,0.0,0.03679012321587795,0.0
Q15,D0368,"Tiger's Fury, Berserk, and energy tools",Cat/Bear hybrid and talents,0.0,0.0,0.0,0.1756427243912972,0.0036955092638289396,0.0
Q15,D0369,Powershifting/removal (mixed polarity),"Weapon scaling, forms, and toolkit",0.185017920099406,0.0,0.0,0.0,0.0,0.0
Q15,D0370,Bleed identity and gameplay,"Weapon scaling, forms, and toolkit",0.0,0.0,0.001925451147451004,0.0,0.0,0.0
Q15,D0371,Bleed identity and gameplay,"Weapon scaling, forms, and toolkit",0.0,0.0,0.0201027672882182,0.0,0.0,0.0
Q15,D0372,Strong bleed emphasis,Cat/Bear hybrid and talents,0.0,0.15230290996119472,0.008387404854409553,0.0014094307880185655,0.010167971473077332,0.0
Q15,D0373,Cat/Bear hybrid and talents,"Tiger's Fury, Berserk, and energy tools",0.0,0.0,0.0,0.06085334041443032,0.15238303264243547,0.0
Q15,D0374,"Weapon scaling, forms, and toolkit",Cat/Bear hybrid and talents,0.0,0.0,0.0,0.0,0.008155849217366019,0.17987886759152874
Q15,D0375,Strong bleed emphasis,Cat/Bear hybrid and talents,0.0,0.03170573833360694,0.0,0.0,0.014148861040771881,0.0
Q15,D0376,Bleed identity and gameplay,"Weapon scaling, forms, and toolkit",0.0,0.0,0.22593603933818532,0.0,0.0,0.0
Q15,D0377,Cat/Bear hybrid and talents,"Weapon scaling, forms, and toolkit",0.0,0.0,0.0,0.0,0.007467622385314744,0.0
Q15,D0378,Cat/Bear hybrid and talents,Powershifting/removal (mixed polarity),0.03488451614690604,0.0,0.0007282644332337282,0.0,0.08481766638482813,0.0
Q15,D0379,Cat/Bear hybrid and talents,"Weapon scaling, forms, and toolkit",0.0,0.0,0.0,0.0,0.160466579496571,0.0
Q15,D0380,Strong bleed emphasis,"Weapon scaling, forms, and toolkit",0.0,0.07914505440428031,0.05479652747727024,0.007430291575739766,0.04086484181330197,0.060585173747969776
Q15,D0381,"Tiger's Fury, Berserk, and energy tools","Weapon scaling, forms, and toolkit",0.0,0.0,0.0,0.07845529915200627,0.0,0.0
Q15,D0382,Powershifting/removal (mixed polarity),Cat/Bear hybrid and talents,0.0,0.0,0.0,0.0,0.0,0.0
Q15,D0383,Strong bleed emphasis,"Weapon scaling, forms, and toolkit",0.0,0.12012894152556317,0.0,0.0,0.0,0.0
Q15,D0384,Bleed identity and gameplay,Strong bleed emphasis,0.0,0.005154925764168044,0.1232444009590335,0.0,0.0,0.0
Q15,D0385,Cat/Bear hybrid and talents,"Weapon scaling, forms, and toolkit",0.0,0.0,0.0,0.0,0.006656180004040719,0.0
Q15,D0386,Bleed identity and gameplay,"Tiger's Fury, Berserk, and energy tools",0.0,0.0,0.09483244576719352,0.012597049334563338,0.0,0.0
Q15,D0387,Strong bleed emphasis,Bleed identity and gameplay,0.0,0.22622231124804665,0.01764432754880871,0.0,0.0,0.0
Q15,D0388,Strong bleed emphasis,"Weapon scaling, forms, and toolkit",0.0,0.08346579790365098,0.0,0.0,0.0,0.0
Q15,D0389,"Weapon scaling, forms, and toolkit",Cat/Bear hybrid and talents,0.0,0.0,0.0,0.0,0.0071002312563270605,0.08251167141920335
Q15,D0390,Cat/Bear hybrid and talents,"Weapon scaling, forms, and toolkit",0.0,0.0,0.0,0.0,0.12583732638714265,0.0
Q15,D0391,Powershifting/removal (mixed polarity),Cat/Bear hybrid and talents,0.0,0.0,0.0,0.0,0.0,0.0
Q15,D0392,"Tiger's Fury, Berserk, and energy tools","Weapon scaling, forms, and toolkit",0.0,0.0,0.0,0.2888833402855211,0.0,0.0
Q15,D0393,Powershifting/removal (mixed polarity),Cat/Bear hybrid and talents,0.0,0.0,0.0,0.0,0.0,0.0
Q15,D0394,"Tiger's Fury, Berserk, and energy tools",Cat/Bear hybrid and talents,0.0,0.0,0.0,0.020546773534391584,0.008360961441735884,0.0
Q15,D0395,Powershifting/removal (mixed polarity),Cat/Bear hybrid and talents,0.0,0.0,0.0,0.0,0.0,0.0
Q15,D0396,Powershifting/removal (mixed polarity),Cat/Bear hybrid and talents,0.0,0.0,0.0,0.0,0.0,0.0
Q15,D0397,Powershifting/removal (mixed polarity),Cat/Bear hybrid and talents,0.0,0.0,0.0,0.0,0.0,0.0
Q15,D0398,Strong bleed emphasis,Cat/Bear hybrid and talents,0.0,0.08319919973362992,0.0,0.0,0.012481268209929376,0.0
Q15,D0399,"Tiger's Fury, Berserk, and energy tools",Strong bleed emphasis,0.0,0.09403087175795113,0.0,0.11725726420139523,0.0,0.0
Q15,D0400,"Tiger's Fury, Berserk, and energy tools","Weapon scaling, forms, and toolkit",0.0,0.0,0.0,0.09008252077828427,0.0,0.0
Q15,D0401,Cat/Bear hybrid and talents,Strong bleed emphasis,0.0,0.07430343526322034,0.0,0.0,0.07475203516952272,0.0
Q15,D0402,Bleed identity and gameplay,"Weapon scaling, forms, and toolkit",0.0,0.0,0.22593603933818532,0.0,0.0,0.0
Q15,D0403,Cat/Bear hybrid and talents,"Weapon scaling, forms, and toolkit",0.0,0.0,0.0,0.0,0.005779808172741441,0.0
Q15,D0404,Cat/Bear hybrid and talents,"Weapon scaling, forms, and toolkit",0.0,0.0,0.0,0.0,0.006651481129735599,0.0
Q15,D0405,Strong bleed emphasis,Bleed identity and gameplay,0.0,0.09650738434338897,0.016716470267659992,0.0,0.0,0.0
Q15,D0406,Strong bleed emphasis,Powershifting/removal (mixed polarity),0.1005552893595124,0.11735728564026392,0.011269016998006434,0.0,0.0,0.0
Q15,D0407,Powershifting/removal (mixed polarity),"Weapon scaling, forms, and toolkit",0.08609091953685477,0.0,0.0,0.0,0.0,0.0
Q15,D0408,Cat/Bear hybrid and talents,"Weapon scaling, forms, and toolkit",0.0,0.0,0.0,0.0,0.040588816639502166,0.0
Q15,D0409,Powershifting/removal (mixed polarity),"Weapon scaling, forms, and toolkit",0.3692982368394259,0.0,0.0,0.0,0.0,0.0
Q15,D0410,"Tiger's Fury, Berserk, and energy tools","Weapon scaling, forms, and toolkit",0.0,0.0,0.0,0.43465115099637797,0.0,0.0
Q15,D0411,Powershifting/removal (mixed polarity),Strong bleed emphasis,0.05668434924203607,0.0081740704640624,0.0058177718280828985,0.0,0.0,0.0
Q15,D0412,Cat/Bear hybrid and talents,"Weapon scaling, forms, and toolkit",0.0,0.0,0.0,0.0,0.10464887388623427,0.0
Q15,D0413,Cat/Bear hybrid and talents,"Weapon scaling, forms, and toolkit",0.0,0.0,0.0,0.0,0.3223785532732771,0.0
Q15,D0414,Powershifting/removal (mixed polarity),Cat/Bear hybrid and talents,0.0,0.0,0.0,0.0,0.0,0.0
Q15,D0415,Bleed identity and gameplay,"Weapon scaling, forms, and toolkit",0.0,0.0,0.23140284934119187,0.0,0.0,0.0
Q15,D0416,Powershifting/removal (mixed polarity),Cat/Bear hybrid and talents,0.0,0.0,0.0,0.0,0.0,0.0
Q15,D0417,Bleed identity and gameplay,Cat/Bear hybrid and talents,0.0,0.0,0.06343219505019497,0.0,0.00913682969961088,0.0
Q15,D0418,Powershifting/removal (mixed polarity),Cat/Bear hybrid and talents,0.0,0.0,0.0,0.0,0.0,0.0
Q15,D0419,Cat/Bear hybrid and talents,"Weapon scaling, forms, and toolkit",0.0,0.0,0.0,0.0,0.1318968744721911,0.0
Q15,D0420,Powershifting/removal (mixed polarity),Cat/Bear hybrid and talents,0.0,0.0,0.0,0.0,0.0,0.0
Q15,D0421,Powershifting/removal (mixed polarity),Cat/Bear hybrid and talents,0.0,0.0,0.0,0.0,0.0,0.0
Q15,D0422,Powershifting/removal (mixed polarity),Cat/Bear hybrid and talents,0.0,0.0,0.0,0.0,0.0,0.0
Q15,D0423,"Tiger's Fury, Berserk, and energy tools","Weapon scaling, forms, and toolkit",0.0,0.0,0.0,0.43465115099637797,0.0,0.0
Q15,D0424,Cat/Bear hybrid and talents,Strong bleed emphasis,0.0,0.0966512533244129,0.0,0.0,0.11439482905568932,0.0
Q15,D0425,Bleed identity and gameplay,Strong bleed emphasis,0.0,0.054877913713978,0.058831251579672665,0.0,0.004869011023549645,0.0
Q15,D0426,Powershifting/removal (mixed polarity),Cat/Bear hybrid and talents,0.0,0.0,0.0,0.0,0.0,0.0
Q15,D0427,Bleed identity and gameplay,"Weapon scaling, forms, and toolkit",0.0,0.0,0.006061600035390213,0.0,0.0,0.0
Q15,D0428,Cat/Bear hybrid and talents,"Weapon scaling, forms, and toolkit",0.0,0.0,0.0,0.0,0.09072763095064403,0.0
Q15,D0429,Cat/Bear hybrid and talents,"Weapon scaling, forms, and toolkit",0.0,0.0,0.0,0.0,0.002839702208005661,0.0
Q15,D0430,Bleed identity and gameplay,"Weapon scaling, forms, and toolkit",0.0,0.0,0.08811573825849531,0.0,0.0,0.0
Q15,D0431,Powershifting/removal (mixed polarity),Cat/Bear hybrid and talents,0.0,0.0,0.0,0.0,0.0,0.0
Q15,D0432,Powershifting/removal (mixed polarity),Cat/Bear hybrid and talents,0.0,0.0,0.0,0.0,0.0,0.0
Q15,D0433,Powershifting/removal (mixed polarity),Cat/Bear hybrid and talents,0.0,0.0,0.0,0.0,0.0,0.0
Q15,D0434,Powershifting/removal (mixed polarity),"Weapon scaling, forms, and toolkit",0.0782496892608506,0.0,0.0,0.0,0.0,0.0
Q15,D0435,Powershifting/removal (mixed polarity),Cat/Bear hybrid and talents,0.0,0.0,0.0,0.0,0.0,0.0
Q15,D0436,"Tiger's Fury, Berserk, and energy tools","Weapon scaling, forms, and toolkit",0.0,0.0,0.0,0.20843429376252134,0.0,0.0
Q15,D0437,Cat/Bear hybrid and talents,"Weapon scaling, forms, and toolkit",0.0,0.0,0.0,0.0,0.05375510285695946,0.0
Q15,D0438,"Tiger's Fury, Berserk, and energy tools",Cat/Bear hybrid and talents,0.0,0.0,0.0,0.21358668237256814,0.0012850514230494136,0.0
Q15,D0439,Powershifting/removal (mixed polarity),"Weapon scaling, forms, and toolkit",0.18420387651031134,0.0,0.0,0.0,0.0,0.0
Q15,D0440,"Weapon scaling, forms, and toolkit",Cat/Bear hybrid and talents,0.0,0.0,0.0,0.0,0.016756105605628728,0.25419769442489304
Q15,D0441,Bleed identity and gameplay,Strong bleed emphasis,0.0,0.01818014870429786,0.1999496793693735,0.0,0.0,0.0
Q15,D0442,Strong bleed emphasis,Bleed identity and gameplay,0.0,0.13779700201824083,0.07354718129446662,0.0,0.0,0.0
Q15,D0443,Powershifting/removal (mixed polarity),Cat/Bear hybrid and talents,0.0,0.0,0.0,0.0,0.0,0.0
Q15,D0444,Bleed identity and gameplay,"Weapon scaling, forms, and toolkit",0.0,0.0,0.1387295643690345,0.0,0.0,0.0
Q15,D0445,Bleed identity and gameplay,"Weapon scaling, forms, and toolkit",0.0,0.0,0.14063569106229074,0.0,0.0,0.0
Q15,D0446,Bleed identity and gameplay,Strong bleed emphasis,0.0,0.015590345032860844,0.161230412133048,0.0,0.0,0.0
Q15,D0447,Cat/Bear hybrid and talents,"Weapon scaling, forms, and toolkit",0.0,0.0,0.0,0.0,0.05955383427705211,0.0
Q15,D0448,Cat/Bear hybrid and talents,"Weapon scaling, forms, and toolkit",0.0,0.0,0.0,0.0,0.017209042442877947,0.0
Q15,D0449,Powershifting/removal (mixed polarity),Cat/Bear hybrid and talents,0.0,0.0,0.0,0.0,0.0,0.0
Q15,D0450,Cat/Bear hybrid and talents,"Weapon scaling, forms, and toolkit",0.0,0.0,0.0,0.0,0.17372431432972762,0.0
Q15,D0451,Cat/Bear hybrid and talents,"Weapon scaling, forms, and toolkit",0.0,0.0,0.0,0.0,0.007493257318839374,0.0
Q15,D0452,"Tiger's Fury, Berserk, and energy tools","Weapon scaling, forms, and toolkit",0.0,0.0,0.0,0.24843639267201711,0.0,0.0
Q15,D0453,Powershifting/removal (mixed polarity),Cat/Bear hybrid and talents,0.0,0.0,0.0,0.0,0.0,0.0
Q15,D0454,Bleed identity and gameplay,"Weapon scaling, forms, and toolkit",0.0,0.0,0.22593603933818532,0.0,0.0,0.0
Q15,D0455,Powershifting/removal (mixed polarity),Cat/Bear hybrid and talents,0.0,0.0,0.0,0.0,0.0,0.0
Q15,D0456,Powershifting/removal (mixed polarity),Cat/Bear hybrid and talents,0.0,0.0,0.0,0.0,0.0,0.0
Q15,D0457,Powershifting/removal (mixed polarity),Cat/Bear hybrid and talents,0.0,0.0,0.0,0.0,0.0,0.0
Q15,D0458,Cat/Bear hybrid and talents,Bleed identity and gameplay,0.0,0.0,0.006037331585604732,0.004278907303692688,0.07089124937467803,0.0
Q15,D0459,Powershifting/removal (mixed polarity),Cat/Bear hybrid and talents,0.04145094327809183,0.0,0.0,0.004436194154379486,0.014944960239691222,0.0
Q15,D0460,Powershifting/removal (mixed polarity),"Weapon scaling, forms, and toolkit",0.19083482959083456,0.0,0.0,0.0,0.0,0.0
Q15,D0461,"Tiger's Fury, Berserk, and energy tools",Strong bleed emphasis,0.0,0.053881007542049685,0.0018632482424831382,0.08045792661941237,0.002068549412143808,0.0
Q15,D0462,Bleed identity and gameplay,"Weapon scaling, forms, and toolkit",0.0,0.0,0.17624414839049715,0.0,0.0,0.0
Q15,D0463,Bleed identity and gameplay,"Weapon scaling, forms, and toolkit",0.0,0.0,0.001093629191748445,0.0,0.0,0.0
Q15,D0464,"Weapon scaling, forms, and toolkit",Cat/Bear hybrid and talents,0.0,0.0,0.0,0.0,0.0,0.46120577708980554
Q15,D0465,Powershifting/removal (mixed polarity),Cat/Bear hybrid and talents,0.0,0.0,0.0,0.0,0.0,0.0
Q15,D0466,Strong bleed emphasis,"Weapon scaling, forms, and toolkit",0.0,0.11202358546329956,0.0,0.0,0.0,0.0
Q15,D0467,Bleed identity and gameplay,"Weapon scaling, forms, and toolkit",0.0,0.0,0.13052066890477323,0.0,0.0,0.0
Q15,D0468,Cat/Bear hybrid and talents,"Weapon scaling, forms, and toolkit",0.0,0.0,0.0,0.0,0.1168074053155122,0.0
Q15,D0469,Powershifting/removal (mixed polarity),Cat/Bear hybrid and talents,0.0,0.0,0.0,0.0,0.0,0.0
Q15,D0470,Powershifting/removal (mixed polarity),Cat/Bear hybrid and talents,0.0,0.0,0.0,0.0,0.0,0.0
Q15,D0471,Bleed identity and gameplay,"Tiger's Fury, Berserk, and energy tools",0.0,0.0,0.09428081142435561,0.000556809370852884,0.0,0.0
Q15,D0472,Powershifting/removal (mixed polarity),Cat/Bear hybrid and talents,0.0,0.0,0.0,0.0,0.0,0.0
Q15,D0473,Cat/Bear hybrid and talents,"Weapon scaling, forms, and toolkit",0.0,0.0,0.0,0.0,0.24721826404327424,0.0
Q15,D0474,Powershifting/removal (mixed polarity),Cat/Bear hybrid and talents,0.0,0.0,0.0,0.0,0.0,0.0
Q15,D0475,Bleed identity and gameplay,Strong bleed emphasis,0.0,0.0037959759994827666,0.004363349194047553,0.0,0.0,0.0
Q15,D0476,Powershifting/removal (mixed polarity),Cat/Bear hybrid and talents,0.0,0.0,0.0,0.0,0.0,0.0
Q15,D0477,Cat/Bear hybrid and talents,"Weapon scaling, forms, and toolkit",0.0,0.0,0.0,0.0,0.1296098448479875,0.0
Q15,D0478,"Weapon scaling, forms, and toolkit",Cat/Bear hybrid and talents,0.0,0.0,0.0,0.0,0.0,0.46120577708980554
Q15,D0479,Bleed identity and gameplay,"Weapon scaling, forms, and toolkit",0.0,0.0,0.17201981623099616,0.0,0.0,0.0
Q15,D0480,Powershifting/removal (mixed polarity),Cat/Bear hybrid and talents,0.0,0.0,0.0,0.0,0.0,0.0
Q15,D0481,Cat/Bear hybrid and talents,"Tiger's Fury, Berserk, and energy tools",0.0,0.0,0.0,0.0013336561057465729,0.11721403111928007,0.0
Q15,D0482,Powershifting/removal (mixed polarity),Cat/Bear hybrid and talents,0.15155179584641004,0.0,0.0,0.0,0.020688097969296958,0.0
Q15,D0483,Cat/Bear hybrid and talents,"Weapon scaling, forms, and toolkit",0.0,0.0,0.0,0.0,0.0055432804948949725,0.0
Q15,D0484,Bleed identity and gameplay,"Weapon scaling, forms, and toolkit",0.0,0.0,0.14938235650519224,0.0,0.0,0.0
Q15,D0485,Cat/Bear hybrid and talents,"Weapon scaling, forms, and toolkit",0.0,0.0,0.0,0.0,0.07717173335460983,0.0
Q15,D0486,Cat/Bear hybrid and talents,"Weapon scaling, forms, and toolkit",0.0,0.0,0.0,0.0,0.005245962863344927,0.0
Q15,D0487,Cat/Bear hybrid and talents,"Weapon scaling, forms, and toolkit",0.0,0.0,0.0,0.0,0.12321710636188916,0.0
Q15,D0488,Cat/Bear hybrid and talents,"Weapon scaling, forms, and toolkit",0.0,0.0,0.0,0.0,0.07592073434559735,0.0
Q15,D0489,Powershifting/removal (mixed polarity),Cat/Bear hybrid and talents,0.0,0.0,0.0,0.0,0.0,0.0
Q15,D0490,Powershifting/removal (mixed polarity),Cat/Bear hybrid and talents,0.0,0.0,0.0,0.0,0.0,0.0
Q15,D0491,Bleed identity and gameplay,"Weapon scaling, forms, and toolkit",0.0,0.0,0.14502016411819874,0.0,0.0,0.0
Q15,D0492,"Weapon scaling, forms, and toolkit",Cat/Bear hybrid and talents,0.0,0.0,0.0,0.0,0.0,0.0003922384304754269
Q15,D0493,Powershifting/removal (mixed polarity),Bleed identity and gameplay,0.12040310333890891,0.0,0.0012622815661945481,0.0,0.0,0.0
Q15,D0494,Cat/Bear hybrid and talents,"Weapon scaling, forms, and toolkit",0.0,0.0,0.0,0.0,0.12534085443225285,0.0
Q15,D0495,"Tiger's Fury, Berserk, and energy tools","Weapon scaling, forms, and toolkit",0.0,0.0,0.0,0.43465115099637797,0.0,0.0
Q15,D0496,Bleed identity and gameplay,"Weapon scaling, forms, and toolkit",0.0,0.0,0.20723119000423,0.0,0.0,0.0
Q15,D0497,Strong bleed emphasis,Bleed identity and gameplay,0.0,0.1886364354370064,0.01557314181124144,0.0,0.0,0.0
Q15,D0498,Powershifting/removal (mixed polarity),Cat/Bear hybrid and talents,0.0,0.0,0.0,0.0,0.0,0.0
Q15,D0499,Cat/Bear hybrid and talents,"Weapon scaling, forms, and toolkit",0.0,0.0,0.0,0.0,0.0007133038268738743,0.0
Q15,D0500,"Tiger's Fury, Berserk, and energy tools",Cat/Bear hybrid and talents,0.0,0.0,0.0,0.020546773534391584,0.008360961441735884,0.0
Q15,D0501,Powershifting/removal (mixed polarity),Cat/Bear hybrid and talents,0.0,0.0,0.0,0.0,0.0,0.0
Q15,D0502,Cat/Bear hybrid and talents,Bleed identity and gameplay,0.0,0.0,6.88893398438205e-05,0.0,0.19528871738874892,0.0
Q15,D0503,Cat/Bear hybrid and talents,"Weapon scaling, forms, and toolkit",0.0,0.0,0.0,0.0,0.05232160736593007,0.0
Q15,D0504,"Tiger's Fury, Berserk, and energy tools","Weapon scaling, forms, and toolkit",0.0,0.0,0.0,0.43465115099637797,0.0,0.0
Q15,D0505,"Tiger's Fury, Berserk, and energy tools","Weapon scaling, forms, and toolkit",0.0,0.0,0.0,0.0061135813239895954,0.0,0.0
Q15,D0506,Cat/Bear hybrid and talents,Strong bleed emphasis,0.0,0.03318691471138708,0.0,0.0,0.08696006883131335,0.0
Q15,D0507,Cat/Bear hybrid and talents,"Weapon scaling, forms, and toolkit",0.0,0.0,0.0,0.0,0.2399876199259186,0.0
Q15,D0508,Powershifting/removal (mixed polarity),Cat/Bear hybrid and talents,0.0,0.0,0.0,0.0,0.0,0.0
Q15,D0509,"Tiger's Fury, Berserk, and energy tools","Weapon scaling, forms, and toolkit",0.0,0.0,0.0,0.43465115099637797,0.0,0.0
Q15,D0510,"Tiger's Fury, Berserk, and energy tools","Weapon scaling, forms, and toolkit",0.0,0.0,0.0,0.20188962372047303,0.0,0.0
Q15,D0511,Cat/Bear hybrid and talents,"Weapon scaling, forms, and toolkit",0.0,0.0,0.0,0.0,0.0678645395267909,0.0
Q15,D0512,Bleed identity and gameplay,Strong bleed emphasis,0.0,0.0006953628928743361,0.2069962151352939,0.0,0.0,0.0
Q15,D0513,Powershifting/removal (mixed polarity),Cat/Bear hybrid and talents,0.0,0.0,0.0,0.0,0.0,0.0
Q15,D0514,Powershifting/removal (mixed polarity),Cat/Bear hybrid and talents,0.0,0.0,0.0,0.0,0.0,0.0
Q15,D0515,Strong bleed emphasis,Bleed identity and gameplay,0.0,0.12184994873807906,0.009635450226199833,0.003154567246490946,0.0,0.0
Q15,D0516,Bleed identity and gameplay,"Weapon scaling, forms, and toolkit",0.0,0.0,0.17624414839049715,0.0,0.0,0.0
Q15,D0517,Strong bleed emphasis,"Weapon scaling, forms, and toolkit",0.0,0.3927249013857382,0.0,0.0,0.0,0.0
Q15,D0518,Strong bleed emphasis,Cat/Bear hybrid and talents,0.0,0.07896059881567728,0.0,0.0,0.0015323024678435446,0.0
Q15,D0519,Cat/Bear hybrid and talents,"Weapon scaling, forms, and toolkit",0.0,0.0,0.0,0.0,0.011164514622345564,0.0
Q15,D0520,Powershifting/removal (mixed polarity),Cat/Bear hybrid and talents,0.0,0.0,0.0,0.0,0.0,0.0
Q15,D0521,Bleed identity and gameplay,"Weapon scaling, forms, and toolkit",0.0,0.0,0.11092339068408641,0.0,0.0,0.0
Q15,D0522,Strong bleed emphasis,"Weapon scaling, forms, and toolkit",0.0,0.3927249013857382,0.0,0.0,0.0,0.0
Q15,D0523,Powershifting/removal (mixed polarity),Cat/Bear hybrid and talents,0.0,0.0,0.0,0.0,0.0,0.0
Q15,D0524,Strong bleed emphasis,"Weapon scaling, forms, and toolkit",0.0,0.12902373320415114,0.0,0.0,0.0,0.0
Q15,D0525,Strong bleed emphasis,Powershifting/removal (mixed polarity),0.0023814564297167627,0.003815136176091246,0.0,0.0,0.0,0.0
Q15,D0526,Cat/Bear hybrid and talents,"Weapon scaling, forms, and toolkit",0.0,0.0,0.0,0.0,0.016037730452870973,0.0
Q15,D0527,Powershifting/removal (mixed polarity),Cat/Bear hybrid and talents,0.0,0.0,0.0,0.0,0.0,0.0
Q15,D0528,Powershifting/removal (mixed polarity),Bleed identity and gameplay,0.043764888411859056,0.0,0.0007594445996588372,0.0,0.0,0.0
Q15,D0529,Powershifting/removal (mixed polarity),Cat/Bear hybrid and talents,0.0,0.0,0.0,0.0,0.0,0.0
Q15,D0530,Strong bleed emphasis,"Weapon scaling, forms, and toolkit",0.0,0.3927249013857382,0.0,0.0,0.0,0.0
Q15,D0531,"Tiger's Fury, Berserk, and energy tools","Weapon scaling, forms, and toolkit",0.0,0.0,0.0,0.43465115099637797,0.0,0.0
Q15,D0532,Powershifting/removal (mixed polarity),"Weapon scaling, forms, and toolkit",0.3692982368394259,0.0,0.0,0.0,0.0,0.0
Q15,D0533,Cat/Bear hybrid and talents,Powershifting/removal (mixed polarity),0.03241059808398489,0.0,0.0,0.0,0.033880187162835265,0.0
Q15,D0534,Cat/Bear hybrid and talents,"Weapon scaling, forms, and toolkit",0.0,0.0,0.0,0.0,0.01625372609198293,0.0
Q15,D0535,Bleed identity and gameplay,"Weapon scaling, forms, and toolkit",0.0,0.0,0.4010248994844579,0.0,0.0,0.0
Q15,D0536,Bleed identity and gameplay,Strong bleed emphasis,0.0,0.017986710712788442,0.1882740586427707,0.0,0.0,0.0
Q15,D0537,Strong bleed emphasis,"Weapon scaling, forms, and toolkit",0.0,0.3927249013857382,0.0,0.0,0.0,0.0
Q15,D0538,Powershifting/removal (mixed polarity),Cat/Bear hybrid and talents,0.0,0.0,0.0,0.0,0.0,0.0
Q15,D0539,"Tiger's Fury, Berserk, and energy tools","Weapon scaling, forms, and toolkit",0.0,0.0,0.0,0.0028318961365816873,0.0,0.0
Q15,D0540,Cat/Bear hybrid and talents,"Weapon scaling, forms, and toolkit",0.0,0.0,0.0,0.0,0.01547001457275495,0.0
Q15,D0541,"Tiger's Fury, Berserk, and energy tools",Cat/Bear hybrid and talents,0.0,0.0017396324085769002,0.0,0.008004386841710207,0.003020692374451014,0.0
Q15,D0542,"Tiger's Fury, Berserk, and energy tools","Weapon scaling, forms, and toolkit",0.0,0.0,0.0,0.24642887739587171,0.0,0.0
Q15,D0543,Powershifting/removal (mixed polarity),Cat/Bear hybrid and talents,0.0,0.0,0.0,0.0,0.0,0.0
Q15,D0544,Cat/Bear hybrid and talents,"Weapon scaling, forms, and toolkit",0.0,0.0,0.0,0.0,0.0033908020088271587,0.0
Q15,D0545,Cat/Bear hybrid and talents,"Weapon scaling, forms, and toolkit",0.0,0.0,0.0,0.0,0.01199971499401936,0.0
Q15,D0546,Strong bleed emphasis,Bleed identity and gameplay,0.0,0.16893270204260272,0.020666368404569212,0.0,0.0,0.0
Q15,D0547,"Tiger's Fury, Berserk, and energy tools",Powershifting/removal (mixed polarity),0.06089764590685021,0.0,0.0,0.08960232121040257,0.0,0.0
Q15,D0548,Bleed identity and gameplay,Cat/Bear hybrid and talents,0.0,0.0,0.10260751734287098,0.0,0.021488075411685195,0.0
Q15,D0549,Cat/Bear hybrid and talents,"Weapon scaling, forms, and toolkit",0.0,0.0,0.0,0.0,0.010815238076440107,0.0
Q15,D0550,Powershifting/removal (mixed polarity),Cat/Bear hybrid and talents,0.0,0.0,0.0,0.0,0.0,0.0
Q15,D0551,Strong bleed emphasis,"Weapon scaling, forms, and toolkit",0.0,0.13790843151243476,0.0,0.0,0.0,0.0
Q15,D0552,Cat/Bear hybrid and talents,"Weapon scaling, forms, and toolkit",0.0,0.0,0.0,0.0,0.27946742514563194,0.0
Q15,D0553,Powershifting/removal (mixed polarity),"Tiger's Fury, Berserk, and energy tools",0.0751719519041651,0.0,0.0,0.01663811183117417,0.0,0.0
Q15,D0554,"Tiger's Fury, Berserk, and energy tools",Strong bleed emphasis,0.0,0.09936519957424184,0.0,0.12632918454824635,0.009488426037411443,0.0
Q15,D0555,"Weapon scaling, forms, and toolkit",Cat/Bear hybrid and talents,0.0,0.0,0.0,0.0,0.0,0.46120577708980554
Q15,D0556,Powershifting/removal (mixed polarity),"Weapon scaling, forms, and toolkit",0.3692982368394259,0.0,0.0,0.0,0.0,0.0
Q15,D0557,"Weapon scaling, forms, and toolkit",Strong bleed emphasis,0.0,0.14591843013774816,0.0,0.0,0.0,0.2679232277685924
Q15,D0558,Powershifting/removal (mixed polarity),Cat/Bear hybrid and talents,0.0,0.0,0.0,0.0,0.0,0.0
Q15,D0559,Powershifting/removal (mixed polarity),Cat/Bear hybrid and talents,0.0,0.0,0.0,0.0,0.0,0.0
Q15,D0560,Powershifting/removal (mixed polarity),Cat/Bear hybrid and talents,0.04479181668877836,0.0,0.0,0.0,0.012315300488753103,0.0
Q15,D0561,Strong bleed emphasis,"Weapon scaling, forms, and toolkit",0.0,0.06648156227382532,0.0,0.0,0.0,0.0
Q15,D0562,Bleed identity and gameplay,Strong bleed emphasis,0.0,0.009924628516016836,0.14278620318428964,0.0,0.0,0.0
Q15,D0563,Bleed identity and gameplay,"Weapon scaling, forms, and toolkit",0.0,0.0,0.17759685352172222,0.0,0.0,0.0
Q15,D0564,Cat/Bear hybrid and talents,"Weapon scaling, forms, and toolkit",0.0,0.0,0.0,0.0,0.17353739713757305,0.0
Q15,D0565,Powershifting/removal (mixed polarity),Cat/Bear hybrid and talents,0.0,0.0,0.0,0.0,0.0,0.0
Q15,D0566,Strong bleed emphasis,Bleed identity and gameplay,0.0,0.16185560682686473,0.01420478385215768,0.0,0.0,0.0
Q15,D0567,Powershifting/removal (mixed polarity),Cat/Bear hybrid and talents,0.0,0.0,0.0,0.0,0.0,0.0
Q15,D0568,Powershifting/removal (mixed polarity),Cat/Bear hybrid and talents,0.0,0.0,0.0,0.0,0.0,0.0
Q15,D0569,Bleed identity and gameplay,Strong bleed emphasis,0.0,0.01927546560398258,0.20161788317248977,0.0,0.0,0.0
Q15,D0570,Cat/Bear hybrid and talents,"Weapon scaling, forms, and toolkit",0.0,0.0,0.0,0.0,0.014450402746636906,0.0
Q15,D0571,Cat/Bear hybrid and talents,"Weapon scaling, forms, and toolkit",0.0,0.0,0.0,0.0,0.1910271510761343,0.0
Q15,D0572,Cat/Bear hybrid and talents,"Tiger's Fury, Berserk, and energy tools",0.0,0.0,0.0,0.0016344310602564103,0.031834693857236016,0.0
Q15,D0573,Powershifting/removal (mixed polarity),Cat/Bear hybrid and talents,0.0,0.0,0.0,0.0,0.0,0.0
Q15,D0574,Powershifting/removal (mixed polarity),Cat/Bear hybrid and talents,0.0,0.0,0.0,0.0,0.0,0.0
Q15,D0575,"Weapon scaling, forms, and toolkit",Cat/Bear hybrid and talents,0.0,0.0,0.0,0.0,0.1266421750199307,0.24867559744228415
Q15,D0576,Strong bleed emphasis,"Weapon scaling, forms, and toolkit",0.0,0.12984545876520207,0.0,0.0,0.0,0.0
Q15,D0577,Strong bleed emphasis,Powershifting/removal (mixed polarity),0.04643010746525476,0.05099423264026652,0.005431772400867043,0.0,0.0017218790884916586,0.0
Q15,D0578,Cat/Bear hybrid and talents,"Weapon scaling, forms, and toolkit",0.0,0.0,0.0,0.0,0.009452571230324303,0.0
Q15,D0579,Bleed identity and gameplay,"Weapon scaling, forms, and toolkit",0.0,0.0,0.02544511910620035,0.0,0.0,0.0
Q15,D0580,Powershifting/removal (mixed polarity),"Weapon scaling, forms, and toolkit",0.3692982368394259,0.0,0.0,0.0,0.0,0.0
Q15,D0581,Cat/Bear hybrid and talents,"Tiger's Fury, Berserk, and energy tools",0.0,0.0,0.0,0.003789169277244312,0.01284610438546164,0.0
Q15,D0582,"Tiger's Fury, Berserk, and energy tools","Weapon scaling, forms, and toolkit",0.0,0.0,0.0,0.18897299738143444,0.0,0.0
Q15,D0583,"Tiger's Fury, Berserk, and energy tools","Weapon scaling, forms, and toolkit",0.0,0.0,0.0,0.021138391248272676,0.0,0.0
Q15,D0584,Powershifting/removal (mixed polarity),Cat/Bear hybrid and talents,0.0,0.0,0.0,0.0,0.0,0.0
Q15,D0585,Cat/Bear hybrid and talents,"Weapon scaling, forms, and toolkit",0.0,0.0,0.0,0.0,0.08372884254715253,0.0
Q15,D0586,Powershifting/removal (mixed polarity),Cat/Bear hybrid and talents,0.0,0.0,0.0,0.0,0.0,0.0
Q15,D0587,Bleed identity and gameplay,Cat/Bear hybrid and talents,0.0,0.0,0.0822673506425623,0.0,0.0017121053562962967,0.0
Q15,D0588,Strong bleed emphasis,Cat/Bear hybrid and talents,0.0,0.13817840102358997,0.0,0.0,0.020271847466033048,0.0
Q15,D0589,Cat/Bear hybrid and talents,"Weapon scaling, forms, and toolkit",0.0,0.0,0.0,0.0,0.007300819575987899,0.0
Q15,D0590,Powershifting/removal (mixed polarity),Cat/Bear hybrid and talents,0.0,0.0,0.0,0.0,0.0,0.0
Q15,D0591,Powershifting/removal (mixed polarity),Cat/Bear hybrid and talents,0.09849416236109225,0.0,0.0,0.0,0.00044118657722260087,0.0
Q15,D0592,Strong bleed emphasis,Bleed identity and gameplay,0.0,0.22622231124804665,0.01764432754880871,0.0,0.0,0.0
Q15,D0593,Cat/Bear hybrid and talents,"Weapon scaling, forms, and toolkit",0.0,0.0,0.0,0.0,0.008894421497923091,0.0
Q15,D0594,Bleed identity and gameplay,"Weapon scaling, forms, and toolkit",0.0,0.0,0.23140284934119187,0.0,0.0,0.0
Q15,D0595,Bleed identity and gameplay,Strong bleed emphasis,0.0,0.021646234908640094,0.19966218753043571,0.0,0.0,0.0
Q15,D0596,Strong bleed emphasis,Bleed identity and gameplay,0.0,0.19897354281296817,0.004422942640332421,0.0,0.0,0.0
Q15,D0597,Strong bleed emphasis,"Weapon scaling, forms, and toolkit",0.0,0.14836879133764647,0.0,0.0,0.0,0.0
Q15,D0598,Powershifting/removal (mixed polarity),Cat/Bear hybrid and talents,0.0,0.0,0.0,0.0,0.0,0.0
Q15,D0599,"Tiger's Fury, Berserk, and energy tools","Weapon scaling, forms, and toolkit",0.0,0.0,0.0,0.004683007398319601,0.0,0.0
Q15,D0600,Powershifting/removal (mixed polarity),Cat/Bear hybrid and talents,0.0,0.0,0.0,0.0,0.0,0.0
Q15,D0601,Bleed identity and gameplay,"Weapon scaling, forms, and toolkit",0.0,0.0,0.12341750387226662,0.0,0.0,0.0
Q15,D0602,Powershifting/removal (mixed polarity),"Weapon scaling, forms, and toolkit",0.054815763469378255,0.0,0.0,0.0,0.0,0.0
Q15,D0603,"Tiger's Fury, Berserk, and energy tools","Weapon scaling, forms, and toolkit",0.0,0.0,0.0,0.18882407748099955,0.0,0.0
Q15,D0604,Bleed identity and gameplay,"Weapon scaling, forms, and toolkit",0.0,0.0,0.11718785562036142,0.0,0.0,0.0
Q15,D0605,Cat/Bear hybrid and talents,"Weapon scaling, forms, and toolkit",0.0,0.0,0.0,0.0,0.21654713143224266,0.0
Q15,D0606,Powershifting/removal (mixed polarity),Cat/Bear hybrid and talents,0.0,0.0,0.0,0.0,0.0,0.0
Q15,D0607,Bleed identity and gameplay,"Weapon scaling, forms, and toolkit",0.0,0.0,0.20134114593535232,0.0,0.0,0.0
Q15,D0608,Bleed identity and gameplay,"Weapon scaling, forms, and toolkit",0.0,0.0,0.07849552717019993,0.0,0.0,0.0
Q15,D0609,Strong bleed emphasis,"Weapon scaling, forms, and toolkit",0.0,0.0024653886200842906,0.0,0.0,0.0,0.0
Q15,D0610,Powershifting/removal (mixed polarity),Cat/Bear hybrid and talents,0.0,0.0,0.0,0.0,0.0,0.0
Q15,D0611,Cat/Bear hybrid and talents,"Weapon scaling, forms, and toolkit",0.0,0.0,0.0,0.0,0.05987021725054777,0.0
Q15,D0612,Powershifting/removal (mixed polarity),Cat/Bear hybrid and talents,0.0,0.0,0.0,0.0,0.0,0.0
Q15,D0613,Powershifting/removal (mixed polarity),Cat/Bear hybrid and talents,0.0,0.0,0.0,0.0,0.0,0.0
Q15,D0614,Powershifting/removal (mixed polarity),Cat/Bear hybrid and talents,0.0,0.0,0.0,0.0,0.0,0.0
Q15,D0615,"Tiger's Fury, Berserk, and energy tools","Weapon scaling, forms, and toolkit",0.0,0.0,0.0,0.0008606945298795441,0.0,0.0
Q15,D0616,Strong bleed emphasis,"Tiger's Fury, Berserk, and energy tools",0.0,0.1005905465352473,0.0025537616300143496,0.09018851407218453,0.0,0.0
Q15,D0617,Cat/Bear hybrid and talents,"Weapon scaling, forms, and toolkit",0.0,0.0,0.0,0.0,0.006701480633167551,0.0
Q15,D0618,Powershifting/removal (mixed polarity),"Weapon scaling, forms, and toolkit",0.3692982368394259,0.0,0.0,0.0,0.0,0.0
Q15,D0619,Cat/Bear hybrid and talents,"Weapon scaling, forms, and toolkit",0.0,0.0,0.0,0.0,0.05955383427705211,0.0
Q15,D0620,Powershifting/removal (mixed polarity),Bleed identity and gameplay,0.0535327336062619,0.0,0.0028948508625358635,0.001611208842764376,0.0,0.0
Q15,D0621,Strong bleed emphasis,"Weapon scaling, forms, and toolkit",0.0,0.07182052201522839,0.0,0.0,0.0,0.0
Q15,D0622,Powershifting/removal (mixed polarity),"Weapon scaling, forms, and toolkit",0.3692982368394259,0.0,0.0,0.0,0.0,0.0
Q15,D0623,Cat/Bear hybrid and talents,"Weapon scaling, forms, and toolkit",0.0,0.0,0.0,0.0,0.12451540260365418,0.0
Q15,D0624,Powershifting/removal (mixed polarity),Cat/Bear hybrid and talents,0.0,0.0,0.0,0.0,0.0,0.0
Q15,D0625,Cat/Bear hybrid and talents,"Weapon scaling, forms, and toolkit",0.0,0.0,0.0,0.0,0.27946742514563194,0.0
Q15,D0626,Cat/Bear hybrid and talents,"Weapon scaling, forms, and toolkit",0.0,0.0,0.0,0.0,0.02747334483492593,0.0
Q15,D0627,Cat/Bear hybrid and talents,"Weapon scaling, forms, and toolkit",0.0,0.0,0.0,0.0,0.02492970532183055,0.0
Q15,D0628,Cat/Bear hybrid and talents,"Weapon scaling, forms, and toolkit",0.0,0.0,0.0,0.0,0.01432903279095454,0.0
Q15,D0629,Strong bleed emphasis,"Weapon scaling, forms, and toolkit",0.0,0.10969273031579914,0.0,0.0,0.0,0.0
Q15,D0630,Cat/Bear hybrid and talents,"Weapon scaling, forms, and toolkit",0.0,0.0,0.0,0.0,0.012302425110925302,0.0
Q15,D0631,Powershifting/removal (mixed polarity),Cat/Bear hybrid and talents,0.0,0.0,0.0,0.0,0.0,0.0
Q15,D0632,Bleed identity and gameplay,Powershifting/removal (mixed polarity),0.02871823738678979,0.0,0.045779669306342655,0.0,0.0,0.0
Q15,D0633,"Tiger's Fury, Berserk, and energy tools",Cat/Bear hybrid and talents,0.0,0.0,0.0,0.010406630724564506,0.008469745874524492,0.0
Q15,D0634,Strong bleed emphasis,Cat/Bear hybrid and talents,0.0,0.11904782948000994,0.0,0.0,0.002479775554619519,0.0
Q15,D0635,Bleed identity and gameplay,Strong bleed emphasis,0.0,0.08660044775615215,0.1018067004317457,0.0,0.0,0.0
Q15,D0636,Powershifting/removal (mixed polarity),Cat/Bear hybrid and talents,0.0,0.0,0.0,0.0,0.0,0.0
Q15,D0637,Powershifting/removal (mixed polarity),"Weapon scaling, forms, and toolkit",0.3692982368394259,0.0,0.0,0.0,0.0,0.0
