metric,earlier_675_percent,current_percent,change_pp
Negative toward current direction,59.6,58.970976253298154,-0.6290237467018471
Positive toward current direction,22.5,23.218997361477573,0.7189973614775731
Less excited than Classic,61.9,61.08179419525066,-0.8182058047493399
More excited than Classic,25.0,26.2532981530343,1.2532981530343008
Would probably/definitely play,44.4,44.45910290237467,0.05910290237466853
Would probably/definitely not play,33.6,32.98153034300792,-0.6184696569920831
Functional replacement acceptable,59.1,58.970976253298154,-0.12902374670184713
Prefer non-powershifting if engaging,22.2,22.427440633245382,0.22744063324538288
Specifically want Classic powershifting restored,14.8,14.511873350923484,-0.2881266490765171
Negative reaction to Furor/loss of powershifting,70.1,69.39313984168865,-0.7068601583113434
Rotation/activity selected for developer attention,65.9,66.2269129287599,0.32691292875989575
Powershifting/Furor selected,44.6,43.931398416886545,-0.6686015831134569
Energy economy selected,33.9,34.03693931398417,0.13693931398417192
Shapeshifting/weaving identity selected,27.6,27.572559366754618,-0.027440633245383594
AoE selected,26.7,26.649076517150394,-0.050923482849604795
