area,category,count,denominator,percent
Furor and the loss/reduction of powershifting,Very positive,104,761,13.66622864651774
Furor and the loss/reduction of powershifting,Somewhat positive,35,761,4.599211563731932
Furor and the loss/reduction of powershifting,Neutral,83,761,10.90670170827858
Furor and the loss/reduction of powershifting,Somewhat negative,155,761,20.367936925098554
Furor and the loss/reduction of powershifting,Very negative,373,761,49.01445466491459
Furor and the loss/reduction of powershifting,Not enough information,11,761,1.445466491458607
Furor and the loss/reduction of powershifting,Positive,139,761,18.265440210249672
Furor and the loss/reduction of powershifting,Negative,528,761,69.38239159001314
Energy generation and pooling,Very positive,53,761,6.964520367936925
Energy generation and pooling,Somewhat positive,85,761,11.169513797634691
Energy generation and pooling,Neutral,161,761,21.156373193166885
Energy generation and pooling,Somewhat negative,229,761,30.09198423127464
Energy generation and pooling,Very negative,199,761,26.149802890932982
Energy generation and pooling,Not enough information,34,761,4.467805519053877
Energy generation and pooling,Positive,138,761,18.134034165571617
Energy generation and pooling,Negative,428,761,56.24178712220762
Rip/Rake and the bleed emphasis,Very positive,162,761,21.28777923784494
Rip/Rake and the bleed emphasis,Somewhat positive,234,761,30.749014454664916
Rip/Rake and the bleed emphasis,Neutral,217,761,28.515111695137975
Rip/Rake and the bleed emphasis,Somewhat negative,83,761,10.90670170827858
Rip/Rake and the bleed emphasis,Very negative,34,761,4.467805519053877
Rip/Rake and the bleed emphasis,Not enough information,31,761,4.073587385019711
Rip/Rake and the bleed emphasis,Positive,396,761,52.03679369250985
Rip/Rake and the bleed emphasis,Negative,117,761,15.374507227332458
Tiger's Fury,Very positive,227,761,29.829172141918527
Tiger's Fury,Somewhat positive,225,761,29.566360052562416
Tiger's Fury,Neutral,181,761,23.78449408672799
Tiger's Fury,Somewhat negative,71,761,9.329829172141919
Tiger's Fury,Very negative,31,761,4.073587385019711
Tiger's Fury,Not enough information,26,761,3.416557161629435
Tiger's Fury,Positive,452,761,59.39553219448094
Tiger's Fury,Negative,102,761,13.403416557161629
Clearcasting / Omen of Clarity,Very positive,373,761,49.01445466491459
Clearcasting / Omen of Clarity,Somewhat positive,170,761,22.339027595269382
Clearcasting / Omen of Clarity,Neutral,144,761,18.922470433639948
Clearcasting / Omen of Clarity,Somewhat negative,22,761,2.890932982917214
Clearcasting / Omen of Clarity,Very negative,9,761,1.1826544021024967
Clearcasting / Omen of Clarity,Not enough information,43,761,5.650459921156373
Clearcasting / Omen of Clarity,Positive,543,761,71.35348226018397
Clearcasting / Omen of Clarity,Negative,31,761,4.073587385019711
Combo points being stored on the player,Very positive,499,761,65.57161629434954
Combo points being stored on the player,Somewhat positive,97,761,12.746386333771353
Combo points being stored on the player,Neutral,76,761,9.986859395532194
Combo points being stored on the player,Somewhat negative,14,761,1.8396846254927726
Combo points being stored on the player,Very negative,26,761,3.416557161629435
Combo points being stored on the player,Not enough information,49,761,6.438896189224704
Combo points being stored on the player,Positive,596,761,78.3180026281209
Combo points being stored on the player,Negative,40,761,5.256241787122208
Berserk,Very positive,188,761,24.704336399474375
Berserk,Somewhat positive,149,761,19.579500657030223
Berserk,Neutral,154,761,20.2365308804205
Berserk,Somewhat negative,141,761,18.528252299605782
Berserk,Very negative,102,761,13.403416557161629
Berserk,Not enough information,27,761,3.54796320630749
Berserk,Positive,337,761,44.2838370565046
Berserk,Negative,243,761,31.931668856767413
AoE / Swipe tools,Very positive,80,761,10.512483574244415
AoE / Swipe tools,Somewhat positive,86,761,11.300919842312746
AoE / Swipe tools,Neutral,202,761,26.544021024967147
AoE / Swipe tools,Somewhat negative,198,761,26.018396846254927
AoE / Swipe tools,Very negative,154,761,20.2365308804205
AoE / Swipe tools,Not enough information,41,761,5.387647831800263
AoE / Swipe tools,Positive,166,761,21.81340341655716
AoE / Swipe tools,Negative,352,761,46.254927726675426
Cat/Bear/caster weaving possibilities,Very positive,77,761,10.11826544021025
Cat/Bear/caster weaving possibilities,Somewhat positive,98,761,12.877792378449408
Cat/Bear/caster weaving possibilities,Neutral,177,761,23.258869908015768
Cat/Bear/caster weaving possibilities,Somewhat negative,141,761,18.528252299605782
Cat/Bear/caster weaving possibilities,Very negative,207,761,27.201051248357423
Cat/Bear/caster weaving possibilities,Not enough information,61,761,8.015768725361367
Cat/Bear/caster weaving possibilities,Positive,175,761,22.996057818659658
Cat/Bear/caster weaving possibilities,Negative,348,761,45.729303547963205
The revealed talent structure,Very positive,58,761,7.6215505913272015
The revealed talent structure,Somewhat positive,179,761,23.52168199737188
The revealed talent structure,Neutral,196,761,25.755584756898816
The revealed talent structure,Somewhat negative,209,761,27.463863337713533
The revealed talent structure,Very negative,98,761,12.877792378449408
The revealed talent structure,Not enough information,21,761,2.759526938239159
The revealed talent structure,Positive,237,761,31.14323258869908
The revealed talent structure,Negative,307,761,40.34165571616295
