question,topic,primary_count,documents,soft_weight_share,primary_share
Q14,"Hybrid roles, tanking, and damage",320,749,14.846821444592756,42.72363150867824
Q14,"Powershifting, engagement, and identity",35,749,12.559047318797486,4.672897196261682
Q14,APM and skill expression,73,749,15.37963669419887,9.746328437917223
Q14,Slow or boring rotation,131,749,20.66770639636998,17.489986648865152
Q14,Energy waiting and downtime,99,749,16.477540198484295,13.21762349799733
Q14,Engaging active rotation,63,749,11.976273477100492,8.411214953271028
Q14,Class identity and distinctiveness,28,749,8.092974470456108,3.7383177570093458
Q15,Powershifting/removal (mixed polarity),238,637,20.132007360513498,37.362637362637365
Q15,Strong bleed emphasis,86,637,21.662225999688165,13.500784929356358
Q15,Bleed identity and gameplay,73,637,17.517214061079496,11.459968602825745
Q15,"Tiger's Fury, Berserk, and energy tools",58,637,13.337341835049967,9.105180533751962
Q15,Cat/Bear hybrid and talents,159,637,18.496494992315153,24.960753532182103
Q15,"Weapon scaling, forms, and toolkit",23,637,8.854715751353739,3.610675039246468
Q16,Restore powershifting,131,608,18.485676014085996,21.54605263157895
Q16,Furor changes,82,608,18.622140291898123,13.486842105263158
Q16,Energy and rotation gameplay,285,608,31.453867407850744,46.875
Q16,"AoE, bleeds, and weaving",63,608,13.533576659310858,10.361842105263158
Q16,Restore active gameplay,35,608,12.391879197972163,5.756578947368421
Q16,"Energy ticks, pooling, and mastery",12,608,5.512860428882091,1.9736842105263157
