term,response_mentions,responses_with_text,percent_of_responses
bleeds,102,637,16.012558869701728
bleed,70,637,10.989010989010989
powershifting,69,637,10.832025117739404
cat,62,637,9.733124018838305
good,55,637,8.634222919937205
form,54,637,8.47723704866562
Tiger's Fury,45,637,7.06436420722135
weapon,39,637,6.122448979591836
damage,37,637,5.808477237048666
bear,36,637,5.65149136577708
energy,31,637,4.866562009419153
use,30,637,4.7095761381475665
think,28,637,4.395604395604396
dps,28,637,4.395604395604396
scaling,27,637,4.23861852433281
focus,27,637,4.23861852433281
don't,26,637,4.081632653061225
nice,25,637,3.924646781789639
berserk,24,637,3.767660910518053
talent,23,637,3.610675039246468
weapon scaling,23,637,3.610675039246468
changes,22,637,3.4536891679748822
change,22,637,3.4536891679748822
rotation,22,637,3.4536891679748822
talents,21,637,3.2967032967032965
abilities,21,637,3.2967032967032965
gameplay,21,637,3.2967032967032965
able,20,637,3.1397174254317113
things,19,637,2.9827315541601256
items,19,637,2.9827315541601256
qol,18,637,2.82574568288854
great,18,637,2.82574568288854
fine,18,637,2.82574568288854
forms,18,637,2.82574568288854
class,17,637,2.6687598116169546
charge,16,637,2.511773940345369
identity,16,637,2.511773940345369
single,16,637,2.511773940345369
tree,16,637,2.511773940345369
emphasis,15,637,2.3547880690737832
i'm,15,637,2.3547880690737832
mangle,15,637,2.3547880690737832
idea,15,637,2.3547880690737832
potions,14,637,2.197802197802198
target,14,637,2.197802197802198
crit,14,637,2.197802197802198
working,14,637,2.197802197802198
better,14,637,2.197802197802198
omen,14,637,2.197802197802198
tank,14,637,2.197802197802198
love,14,637,2.197802197802198
hybrid,13,637,2.0408163265306123
need,13,637,2.0408163265306123
meaningful,13,637,2.0408163265306123
having,13,637,2.0408163265306123
mcp,13,637,2.0408163265306123
hit,12,637,1.8838304552590266
play,12,637,1.8838304552590266
weapons,12,637,1.8838304552590266
tanking,12,637,1.8838304552590266
using,12,637,1.8838304552590266
Clearcasting,11,637,1.7268445839874411
fun,11,637,1.7268445839874411
shred,11,637,1.7268445839874411
procs,11,637,1.7268445839874411
right,11,637,1.7268445839874411
actually,11,637,1.7268445839874411
instead,11,637,1.7268445839874411
indoors,11,637,1.7268445839874411
furor,11,637,1.7268445839874411
bad,10,637,1.5698587127158556
interesting,10,637,1.5698587127158556
crits,10,637,1.5698587127158556
consumables,10,637,1.5698587127158556
rip,10,637,1.5698587127158556
rake,10,637,1.5698587127158556
ability,10,637,1.5698587127158556
cool,10,637,1.5698587127158556
preserved,10,637,1.5698587127158556
baseline,10,637,1.5698587127158556
stuff,10,637,1.5698587127158556
combo points,10,637,1.5698587127158556
making,10,637,1.5698587127158556
aoe,9,637,1.41287284144427
dots,9,637,1.41287284144427
effects,9,637,1.41287284144427
quality,9,637,1.41287284144427
engaging,9,637,1.41287284144427
needs,9,637,1.41287284144427
strong,9,637,1.41287284144427
time,9,637,1.41287284144427
build,9,637,1.41287284144427
it's,9,637,1.41287284144427
playstyle,8,637,1.2558869701726845
pvp,8,637,1.2558869701726845
choices,8,637,1.2558869701726845
trees,8,637,1.2558869701726845
management,8,637,1.2558869701726845
addition,8,637,1.2558869701726845
high,8,637,1.2558869701726845
life,8,637,1.2558869701726845
wrath,8,637,1.2558869701726845
speed,8,637,1.2558869701726845
role,8,637,1.2558869701726845
options,8,637,1.2558869701726845
viable,8,637,1.2558869701726845
spells,8,637,1.2558869701726845
level,8,637,1.2558869701726845
new,8,637,1.2558869701726845
ferals,8,637,1.2558869701726845
competitive,8,637,1.2558869701726845
classes,8,637,1.2558869701726845
energy regeneration,8,637,1.2558869701726845
press,8,637,1.2558869701726845
looks,8,637,1.2558869701726845
removal,8,637,1.2558869701726845
focused,8,637,1.2558869701726845
actions,7,637,1.098901098901099
power,7,637,1.098901098901099
balance,7,637,1.098901098901099
